SEGGER J-Link V9.14a - Real time terminal output
SEGGER J-Link V13.0, SN=53000782
Process: JLinkGDBServerCLExe
CM7_MAGIC=C07C07C7 CM7=12000000 CM4_MAGIC=C04C04C4 CM4=9335
FDCAN RESULT=FDC00001
FDCAN ENDN  =87654321
FDCAN CCCR  =00000080
FDCAN NBTP  =02090C01
FDCAN PSR   =00000718
FDCAN RCC   =00000100
FDCAN D2CCIP1R=10000000
CM7_MAGIC=C07C07C7 CM7=13000000 CM4_MAGIC=C04C04C4 CM4=10108
FDCAN RESULT=FDC00001
FDCAN ENDN  =87654321
FDCAN CCCR  =00000080
FDCAN NBTP  =02090C01
FDCAN PSR   =00000718
FDCAN RCC   =00000100
FDCAN D2CCIP1R=10000000
CM7_MAGIC=C07C07C7 CM7=14000000 CM4_MAGIC=C04C04C4 CM4=10881
FDCAN RESULT=FDC00001
FDCAN ENDN  =87654321
FDCAN CCCR  =00000080
FDCAN NBTP  =02090C01
FDCAN PSR   =00000718
FDCAN RCC   =00000100
FDCAN D2CCIP1R=10000000
CM7_MAGIC=C07C07C7 CM7=15000000 CM4_MAGIC=C04C04C4 CM4=11654
FDCAN RESULT=FDC00001
FDCAN ENDN  =87654321
FDCAN CCCR  =00000080
FDCAN NBTP  =02090C01
FDCAN PSR   =00000718
FDCAN RCC   =00000100
FDCAN D2CCIP1R=10000000
CM7_MAGIC=C07C07C7 CM7=16000000 CM4_MAGIC=C04C04C4 CM4=12427
FDCAN RESULT=FDC00001
FDCAN ENDN  =87654321
FDCAN CCCR  =00000080
FDCAN NBTP  =02090C01
FDCAN PSR   =00000718
FDCAN RCC   =00000100
FDCAN D2CCIP1R=10000000
CM7_MAGIC=C07C07C7 CM7=17000000 CM4_MAGIC=C04C04C4 CM4=13200
FDCAN RESULT=FDC00001
FDCAN ENDN  =87654321
FDCAN CCCR  =00000080
FDCAN NBTP  =02090C01
FDCAN PSR   =00000718
FDCAN RCC   =00000100
FDCAN D2CCIP1R=10000000
CM7_MAGIC=C07C07C7 CM7=18000000 CM4_MAGIC=C04C04C4 CM4=13973
FDCAN RESULT=FDC00001
FDCAN ENDN  =87654321
FDCAN CCCR  =00000080
FDCAN NBTP  =02090C01
FDCAN PSR   =00000718
FDCAN RCC   =00000100
FDCAN D2CCIP1R=10000000
CM7_MAGIC=C07C07C7 CM7=19000000 CM4_MAGIC=C04C04C4 CM4=14746
FDCAN RESULT=FDC00001
FDCAN ENDN  =87654321
FDCAN CCCR  =00000080
FDCAN NBTP  =02090C01
FDCAN PSR   =00000718
FDCAN RCC   =00000100
FDCAN D2CCIP1R=10000000
CM7_MAGIC=C07C07C7 CM7=20000000 CM4_MAGIC=C04C04C4 CM4=15519
FDCAN RESULT=FDC00001
FDCAN ENDN  =87654321
FDCAN CCCR  =00000080
FDCAN NBTP  =02090C01
FDCAN PSR   =00000718
FDCAN RCC   =00000100
FDCAN D2CCIP1R=10000000
CM7_MAGIC=C07C07C7 CM7=21000000 CM4_MAGIC=C04C04C4 CM4=16292
FDCAN RESULT=FDC00001
FDCAN ENDN  =87654321
FDCAN CCCR  =00000080
FDCAN NBTP  =02090C01
FDCAN PSR   =00000718
FDCAN RCC   =00000100
FDCAN D2CCIP1R=10000000
CM7_MAGIC=C07C07C7 CM7=22000000 CM4_MAGIC=C04C04C4 CM4=17065
FDCAN RESULT=FDC00001
FDCAN ENDN  =87654321
FDCAN CCCR  =00000080
FDCAN NBTP  =02090C01
FDCAN PSR   =00000718
FDCAN RCC   =00000100
FDCAN D2CCIP1R=10000000
CM7_MAGIC=C07C07C7 CM7=23000000 CM4_MAGIC=C04C04C4 CM4=17838
FDCAN RESULT=FDC00001
FDCAN ENDN  =87654321
FDCAN CCCR  =00000080
FDCAN NBTP  =02090C01
FDCAN PSR   =00000718
FDCAN RCC   =00000100
FDCAN D2CCIP1R=10000000
CM7_MAGIC=C07C07C7 CM7=24000000 CM4_MAGIC=C04C04C4 CM4=18611
FDCAN RESULT=FDC00001
FDCAN ENDN  =87654321
FDCAN CCCR  =00000080
FDCAN NBTP  =02090C01
FDCAN PSR   =00000718
FDCAN RCC   =00000100
FDCAN D2CCIP1R=10000000
CM7_MAGIC=C07C07C7 CM7=25000000 CM4_MAGIC=C04C04C4 CM4=19385
FDCAN RESULT=FDC00001
FDCAN ENDN  =87654321
FDCAN CCCR  =00000080
FDCAN NBTP  =02090C01
FDCAN PSR   =00000718
FDCAN RCC   =00000100
FDCAN D2CCIP1R=10000000
CM7_MAGIC=C07C07C7 CM7=26000000 CM4_MAGIC=C04C04C4 CM4=20158
FDCAN RESULT=FDC00001
FDCAN ENDN  =87654321
FDCAN CCCR  =00000080
FDCAN NBTP  =02090C01
FDCAN PSR   =00000718
FDCAN RCC   =00000100
FDCAN D2CCIP1R=10000000
CM7_MAGIC=C07C07C7 CM7=27000000 CM4_MAGIC=C04C04C4 CM4=20931
FDCAN RESULT=FDC00001
FDCAN ENDN  =87654321
FDCAN CCCR  =00000080
FDCAN NBTP  =02090C01
FDCAN PSR   =00000718
FDCAN RCC   =00000100
FDCAN D2CCIP1R=10000000
CM7_MAGIC=C07C07C7 CM7=28000000 CM4_MAGIC=C04C04C4 CM4=21704
FDCAN RESULT=FDC00001
FDCAN ENDN  =87654321
FDCAN CCCR  =00000080
FDCAN NBTP  =02090C01
FDCAN PSR   =00000718
FDCAN RCC   =00000100
FDCAN D2CCIP1R=10000000
CM7_MAGIC=C07C07C7 CM7=29000000 CM4_MAGIC=C04C04C4 CM4=22477
FDCAN RESULT=FDC00001
FDCAN ENDN  =87654321
FDCAN CCCR  =00000080
FDCAN NBTP  =02090C01
FDCAN PSR   =00000718
FDCAN RCC   =00000100
FDCAN D2CCIP1R=10000000
CM7_MAGIC=C07C07C7 CM7=30000000 CM4_MAGIC=C04C04C4 CM4=23250
FDCAN RESULT=FDC00001
FDCAN ENDN  =87654321
FDCAN CCCR  =00000080
FDCAN NBTP  =02090C01
FDCAN PSR   =00000718
FDCAN RCC   =00000100
FDCAN D2CCIP1R=10000000
CM7_MAGIC=C07C07C7 CM7=31000000 CM4_MAGIC=C04C04C4 CM4=24023
FDCAN RESULT=FDC00001
FDCAN ENDN  =87654321
FDCAN CCCR  =00000080
FDCAN NBTP  =02090C01
FDCAN PSR   =00000718
FDCAN RCC   =00000100
FDCAN D2CCIP1R=10000000
CM7_MAGIC=C07C07C7 CM7=32000000 CM4_MAGIC=C04C04C4 CM4=24796
FDCAN RESULT=FDC00001
FDCAN ENDN  =87654321
FDCAN CCCR  =00000080
FDCAN NBTP  =02090C01
FDCAN PSR   =00000718
FDCAN RCC   =00000100
FDCAN D2CCIP1R=10000000
CM7_MAGIC=C07C07C7 CM7=33000000 CM4_MAGIC=C04C04C4 CM4=25569
FDCAN RESULT=FDC00001
FDCAN ENDN  =87654321
FDCAN CCCR  =00000080
FDCAN NBTP  =02090C01
FDCAN PSR   =00000718
FDCAN RCC   =00000100
FDCAN D2CCIP1R=10000000
CM7_MAGIC=C07C07C7 CM7=34000000 CM4_MAGIC=C04C04C4 CM4=26342
FDCAN RESULT=FDC00001
FDCAN ENDN  =87654321
FDCAN CCCR  =00000080
FDCAN NBTP  =02090C01
FDCAN PSR   =00000718
FDCAN RCC   =00000100
FDCAN D2CCIP1R=10000000
CM7_MAGIC=C07C07C7 CM7=35000000 CM4_MAGIC=C04C04C4 CM4=27115
FDCAN RESULT=FDC00001
FDCAN ENDN  =87654321
FDCAN CCCR  =00000080
FDCAN NBTP  =02090C01
FDCAN PSR   =00000718
FDCAN RCC   =00000100
FDCAN D2CCIP1R=10000000
CM7_MAGIC=C07C07C7 CM7=36000000 CM4_MAGIC=C04C04C4 CM4=27888
FDCAN RESULT=FDC00001
FDCAN ENDN  =87654321
FDCAN CCCR  =00000080
FDCAN NBTP  =02090C01
FDCAN PSR   =00000718
FDCAN RCC   =00000100
FDCAN D2CCIP1R=10000000
CM7_MAGIC=C07C07C7 CM7=37000000 CM4_MAGIC=C04C04C4 CM4=28661
FDCAN RESULT=FDC00001
FDCAN ENDN  =87654321
FDCAN CCCR  =00000080
FDCAN NBTP  =02090C01
FDCAN PSR   =00000718
FDCAN RCC   =00000100
FDCAN D2CCIP1R=10000000
CM7_MAGIC=C07C07C7 CM7=38000000 CM4_MAGIC=C04C04C4 CM4=29434
FDCAN RESULT=FDC00001
FDCAN ENDN  =87654321
FDCAN CCCR  =00000080
FDCAN NBTP  =02090C01
FDCAN PSR   =00000718
FDCAN RCC   =00000100
FDCAN D2CCIP1R=10000000
CM7_MAGIC=C07C07C7 CM7=39000000 CM4_MAGIC=C04C04C4 CM4=30207
FDCAN RESULT=FDC00001
FDCAN ENDN  =87654321
FDCAN CCCR  =00000080
FDCAN NBTP  =02090C01
FDCAN PSR   =00000718
FDCAN RCC   =00000100
FDCAN D2CCIP1R=10000000
CM7_MAGIC=C07C07C7 CM7=40000000 CM4_MAGIC=C04C04C4 CM4=30980
FDCAN RESULT=FDC00001
FDCAN ENDN  =87654321
FDCAN CCCR  =00000080
FDCAN NBTP  =02090C01
FDCAN PSR   =00000718
FDCAN RCC   =00000100
FDCAN D2CCIP1R=10000000
CM7_MAGIC=C07C07C7 CM7=41000000 CM4_MAGIC=C04C04C4 CM4=31753
FDCAN RESULT=FDC00001
FDCAN ENDN  =87654321
FDCAN CCCR  =00000080
FDCAN NBTP  =02090C01
FDCAN PSR   =00000718
FDCAN RCC   =00000100
FDCAN D2CCIP1R=10000000
CM7_MAGIC=C07C07C7 CM7=42000000 CM4_MAGIC=C04C04C4 CM4=32526
FDCAN RESULT=FDC00001
FDCAN ENDN  =87654321
FDCAN CCCR  =00000080
FDCAN NBTP  =02090C01
FDCAN PSR   =00000718
FDCAN RCC   =00000100
FDCAN D2CCIP1R=10000000
CM7_MAGIC=C07C07C7 CM7=43000000 CM4_MAGIC=C04C04C4 CM4=33299
FDCAN RESULT=FDC00001
FDCAN ENDN  =87654321
FDCAN CCCR  =00000080
FDCAN NBTP  =02090C01
FDCAN PSR   =00000718
FDCAN RCC   =00000100
FDCAN D2CCIP1R=10000000
CM7_MAGIC=C07C07C7 CM7=44000000 CM4_MAGIC=C04C04C4 CM4=34072
FDCAN RESULT=FDC00001
FDCAN ENDN  =87654321
FDCAN CCCR  =00000080
FDCAN NBTP  =02090C01
FDCAN PSR   =00000718
FDCAN RCC   =00000100
FDCAN D2CCIP1R=10000000
CM7_MAGIC=C07C07C7 CM7=45000000 CM4_MAGIC=C04C04C4 CM4=34845
FDCAN RESULT=FDC00001
FDCAN ENDN  =87654321
FDCAN CCCR  =00000080
FDCAN NBTP  =02090C01
FDCAN PSR   =00000718
FDCAN RCC   =00000100
FDCAN D2CCIP1R=10000000
CM7_MAGIC=C07C07C7 CM7=46000000 CM4_MAGIC=C04C04C4 CM4=35618
FDCAN RESULT=FDC00001
FDCAN ENDN  =87654321
FDCAN CCCR  =00000080
FDCAN NBTP  =02090C01
FDCAN PSR   =00000718
FDCAN RCC   =00000100
FDCAN D2CCIP1R=10000000
CM7_MAGIC=C07C07C7 CM7=47000000 CM4_MAGIC=C04C04C4 CM4=36391
FDCAN RESULT=FDC00001
FDCAN ENDN  =87654321
FDCAN CCCR  =00000080
FDCAN NBTP  =02090C01
FDCAN PSR   =00000718
FDCAN RCC   =00000100
FDCAN D2CCIP1R=10000000
CM7_MAGIC=C07C07C7 CM7=48000000 CM4_MAGIC=C04C04C4 CM4=37164
FDCAN RESULT=FDC00001
FDCAN ENDN  =87654321
FDCAN CCCR  =00000080
FDCAN NBTP  =02090C01
FDCAN PSR   =00000718
FDCAN RCC   =00000100
FDCAN D2CCIP1R=10000000
CM7_MAGIC=C07C07C7 CM7=49000000 CM4_MAGIC=C04C04C4 CM4=37937
FDCAN RESULT=FDC00001
FDCAN ENDN  =87654321
FDCAN CCCR  =00000080
FDCAN NBTP  =02090C01
FDCAN PSR   =00000718
FDCAN RCC   =00000100
FDCAN D2CCIP1R=10000000
CM7_MAGIC=C07C07C7 CM7=50000000 CM4_MAGIC=C04C04C4 CM4=38710
FDCAN RESULT=FDC00001
FDCAN ENDN  =87654321
FDCAN CCCR  =00000080
FDCAN NBTP  =02090C01
FDCAN PSR   =00000718
FDCAN RCC   =00000100
FDCAN D2CCIP1R=10000000
CM7_MAGIC=C07C07C7 CM7=51000000 CM4_MAGIC=C04C04C4 CM4=39483
FDCAN RESULT=FDC00001
FDCAN ENDN  =87654321
FDCAN CCCR  =00000080
FDCAN NBTP  =02090C01
FDCAN PSR   =00000718
FDCAN RCC   =00000100
FDCAN D2CCIP1R=10000000
CM7_MAGIC=C07C07C7 CM7=52000000 CM4_MAGIC=C04C04C4 CM4=40256
FDCAN RESULT=FDC00001
FDCAN ENDN  =87654321
FDCAN CCCR  =00000080
FDCAN NBTP  =02090C01
FDCAN PSR   =00000718
FDCAN RCC   =00000100
FDCAN D2CCIP1R=10000000
CM7_MAGIC=C07C07C7 CM7=53000000 CM4_MAGIC=C04C04C4 CM4=41029
FDCAN RESULT=FDC00001
FDCAN ENDN  =87654321
FDCAN CCCR  =00000080
FDCAN NBTP  =02090C01
FDCAN PSR   =00000718
FDCAN RCC   =00000100
FDCAN D2CCIP1R=10000000
CM7_MAGIC=C07C07C7 CM7=54000000 CM4_MAGIC=C04C04C4 CM4=41802
FDCAN RESULT=FDC00001
FDCAN ENDN  =87654321
FDCAN CCCR  =00000080
FDCAN NBTP  =02090C01
FDCAN PSR   =00000718
FDCAN RCC   =00000100
FDCAN D2CCIP1R=10000000
CM7_MAGIC=C07C07C7 CM7=55000000 CM4_MAGIC=C04C04C4 CM4=42575
FDCAN RESULT=FDC00001
FDCAN ENDN  =87654321
FDCAN CCCR  =00000080
FDCAN NBTP  =02090C01
FDCAN PSR   =00000718
FDCAN RCC   =00000100
FDCAN D2CCIP1R=10000000
CM7_MAGIC=C07C07C7 CM7=56000000 CM4_MAGIC=C04C04C4 CM4=43348
FDCAN RESULT=FDC00001
FDCAN ENDN  =87654321
FDCAN CCCR  =00000080
FDCAN NBTP  =02090C01
FDCAN PSR   =00000718
FDCAN RCC   =00000100
FDCAN D2CCIP1R=10000000
CM7_MAGIC=C07C07C7 CM7=57000000 CM4_MAGIC=C04C04C4 CM4=44122
FDCAN RESULT=FDC00001
FDCAN ENDN  =87654321
FDCAN CCCR  =00000080
FDCAN NBTP  =02090C01
FDCAN PSR   =00000718
FDCAN RCC   =00000100
FDCAN D2CCIP1R=10000000
CM7_MAGIC=C07C07C7 CM7=58000000 CM4_MAGIC=C04C04C4 CM4=44895
FDCAN RESULT=FDC00001
FDCAN ENDN  =87654321
FDCAN CCCR  =00000080
FDCAN NBTP  =02090C01
FDCAN PSR   =00000718
FDCAN RCC   =00000100
FDCAN D2CCIP1R=10000000
CM7_MAGIC=C07C07C7 CM7=59000000 CM4_MAGIC=C04C04C4 CM4=45668
FDCAN RESULT=FDC00001
FDCAN ENDN  =87654321
FDCAN CCCR  =00000080
FDCAN NBTP  =02090C01
FDCAN PSR   =00000718
FDCAN RCC   =00000100
FDCAN D2CCIP1R=10000000
CM7_MAGIC=C07C07C7 CM7=60000000 CM4_MAGIC=C04C04C4 CM4=46441
FDCAN RESULT=FDC00001
FDCAN ENDN  =87654321
FDCAN CCCR  =00000080
FDCAN NBTP  =02090C01
FDCAN PSR   =00000718
FDCAN RCC   =00000100
FDCAN D2CCIP1R=10000000
CM7_MAGIC=C07C07C7 CM7=61000000 CM4_MAGIC=C04C04C4 CM4=47214
FDCAN RESULT=FDC00001
FDCAN ENDN  =87654321
FDCAN CCCR  =00000080
FDCAN NBTP  =02090C01
FDCAN PSR   =00000718
FDCAN RCC   =00000100
FDCAN D2CCIP1R=10000000
CM7_MAGIC=C07C07C7 CM7=62000000 CM4_MAGIC=C04C04C4 CM4=47987
FDCAN RESULT=FDC00001
FDCAN ENDN  =87654321
FDCAN CCCR  =00000080
FDCAN NBTP  =02090C01
FDCAN PSR   =00000718
FDCAN RCC   =00000100
FDCAN D2CCIP1R=10000000
CM7_MAGIC=C07C07C7 CM7=63000000 CM4_MAGIC=C04C04C4 CM4=48760
FDCAN RESULT=FDC00001
FDCAN ENDN  =87654321
FDCAN CCCR  =00000080
FDCAN NBTP  =02090C01
FDCAN PSR   =00000718
FDCAN RCC   =00000100
FDCAN D2CCIP1R=10000000
CM7_MAGIC=C07C07C7 CM7=64000000 CM4_MAGIC=C04C04C4 CM4=49533
FDCAN RESULT=FDC00001
FDCAN ENDN  =87654321
FDCAN CCCR  =00000080
FDCAN NBTP  =02090C01
FDCAN PSR   =00000718
FDCAN RCC   =00000100
FDCAN D2CCIP1R=10000000
CM7_MAGIC=C07C07C7 CM7=65000000 CM4_MAGIC=C04C04C4 CM4=50306
FDCAN RESULT=FDC00001
FDCAN ENDN  =87654321
FDCAN CCCR  =00000080
FDCAN NBTP  =02090C01
FDCAN PSR   =00000718
FDCAN RCC   =00000100
FDCAN D2CCIP1R=10000000
CM7_MAGIC=C07C07C7 CM7=66000000 CM4_MAGIC=C04C04C4 CM4=51079
FDCAN RESULT=FDC00001
FDCAN ENDN  =87654321
FDCAN CCCR  =00000080
FDCAN NBTP  =02090C01
FDCAN PSR   =00000718
FDCAN RCC   =00000100
FDCAN D2CCIP1R=10000000
CM7_MAGIC=C07C07C7 CM7=67000000 CM4_MAGIC=C04C04C4 CM4=51852
FDCAN RESULT=FDC00001
FDCAN ENDN  =87654321
FDCAN CCCR  =00000080
FDCAN NBTP  =02090C01
FDCAN PSR   =00000718
FDCAN RCC   =00000100
FDCAN D2CCIP1R=10000000
CM7_MAGIC=C07C07C7 CM7=68000000 CM4_MAGIC=C04C04C4 CM4=52625
FDCAN RESULT=FDC00001
FDCAN ENDN  =87654321
FDCAN CCCR  =00000080
FDCAN NBTP  =02090C01
FDCAN PSR   =00000718
FDCAN RCC   =00000100
FDCAN D2CCIP1R=10000000
CM7_MAGIC=C07C07C7 CM7=69000000 CM4_MAGIC=C04C04C4 CM4=53398
FDCAN RESULT=FDC00001
FDCAN ENDN  =87654321
FDCAN CCCR  =00000080
FDCAN NBTP  =02090C01
FDCAN PSR   =00000718
FDCAN RCC   =00000100
FDCAN D2CCIP1R=10000000
CM7_MAGIC=C07C07C7 CM7=70000000 CM4_MAGIC=C04C04C4 CM4=54171
FDCAN RESULT=FDC00001
FDCAN ENDN  =87654321
FDCAN CCCR  =00000080
FDCAN NBTP  =02090C01
FDCAN PSR   =00000718
FDCAN RCC   =00000100
FDCAN D2CCIP1R=10000000
CM7_MAGIC=C07C07C7 CM7=71000000 CM4_MAGIC=C04C04C4 CM4=54944
FDCAN RESULT=FDC00001
FDCAN ENDN  =87654321
FDCAN CCCR  =00000080
FDCAN NBTP  =02090C01
FDCAN PSR   =00000718
FDCAN RCC   =00000100
FDCAN D2CCIP1R=10000000
CM7_MAGIC=C07C07C7 CM7=72000000 CM4_MAGIC=C04C04C4 CM4=55717
FDCAN RESULT=FDC00001
FDCAN ENDN  =87654321
FDCAN CCCR  =00000080
FDCAN NBTP  =02090C01
FDCAN PSR   =00000718
FDCAN RCC   =00000100
FDCAN D2CCIP1R=10000000
CM7_MAGIC=C07C07C7 CM7=73000000 CM4_MAGIC=C04C04C4 CM4=56490
FDCAN RESULT=FDC00001
FDCAN ENDN  =87654321
FDCAN CCCR  =00000080
FDCAN NBTP  =02090C01
FDCAN PSR   =00000718
FDCAN RCC   =00000100
FDCAN D2CCIP1R=10000000
CM7_MAGIC=C07C07C7 CM7=74000000 CM4_MAGIC=C04C04C4 CM4=57263
FDCAN RESULT=FDC00001
FDCAN ENDN  =87654321
FDCAN CCCR  =00000080
FDCAN NBTP  =02090C01
FDCAN PSR   =00000718
FDCAN RCC   =00000100
FDCAN D2CCIP1R=10000000
CM7_MAGIC=C07C07C7 CM7=75000000 CM4_MAGIC=C04C04C4 CM4=58036
FDCAN RESULT=FDC00001
FDCAN ENDN  =87654321
FDCAN CCCR  =00000080
FDCAN NBTP  =02090C01
FDCAN PSR   =00000718
FDCAN RCC   =00000100
FDCAN D2CCIP1R=10000000
CM7_MAGIC=C07C07C7 CM7=76000000 CM4_MAGIC=C04C04C4 CM4=58809
FDCAN RESULT=FDC00001
FDCAN ENDN  =87654321
FDCAN CCCR  =00000080
FDCAN NBTP  =02090C01
FDCAN PSR   =00000718
FDCAN RCC   =00000100
FDCAN D2CCIP1R=10000000
CM7_MAGIC=C07C07C7 CM7=77000000 CM4_MAGIC=C04C04C4 CM4=59582
FDCAN RESULT=FDC00001
FDCAN ENDN  =87654321
FDCAN CCCR  =00000080
FDCAN NBTP  =02090C01
FDCAN PSR   =00000718
FDCAN RCC   =00000100
FDCAN D2CCIP1R=10000000
CM7_MAGIC=C07C07C7 CM7=78000000 CM4_MAGIC=C04C04C4 CM4=60355
FDCAN RESULT=FDC00001
FDCAN ENDN  =87654321
FDCAN CCCR  =00000080
FDCAN NBTP  =02090C01
FDCAN PSR   =00000718
FDCAN RCC   =00000100
FDCAN D2CCIP1R=10000000
CM7_MAGIC=C07C07C7 CM7=79000000 CM4_MAGIC=C04C04C4 CM4=61128
FDCAN RESULT=FDC00001
FDCAN ENDN  =87654321
FDCAN CCCR  =00000080
FDCAN NBTP  =02090C01
FDCAN PSR   =00000718
FDCAN RCC   =00000100
FDCAN D2CCIP1R=10000000
CM7_MAGIC=C07C07C7 CM7=80000000 CM4_MAGIC=C04C04C4 CM4=61901
FDCAN RESULT=FDC00001
FDCAN ENDN  =87654321
FDCAN CCCR  =00000080
FDCAN NBTP  =02090C01
FDCAN PSR   =00000718
FDCAN RCC   =00000100
FDCAN D2CCIP1R=10000000
CM7_MAGIC=C07C07C7 CM7=81000000 CM4_MAGIC=C04C04C4 CM4=62674
FDCAN RESULT=FDC00001
FDCAN ENDN  =87654321
FDCAN CCCR  =00000080
FDCAN NBTP  =02090C01
FDCAN PSR   =00000718
FDCAN RCC   =00000100
FDCAN D2CCIP1R=10000000
CM7_MAGIC=C07C07C7 CM7=82000000 CM4_MAGIC=C04C04C4 CM4=63447
FDCAN RESULT=FDC00001
FDCAN ENDN  =87654321
FDCAN CCCR  =00000080
FDCAN NBTP  =02090C01
FDCAN PSR   =00000718
FDCAN RCC   =00000100
FDCAN D2CCIP1R=10000000
CM7_MAGIC=C07C07C7 CM7=83000000 CM4_MAGIC=C04C04C4 CM4=64220
FDCAN RESULT=FDC00001
FDCAN ENDN  =87654321
FDCAN CCCR  =00000080
FDCAN NBTP  =02090C01
FDCAN PSR   =00000718
FDCAN RCC   =00000100
FDCAN D2CCIP1R=10000000
CM7_MAGIC=C07C07C7 CM7=84000000 CM4_MAGIC=C04C04C4 CM4=64993
FDCAN RESULT=FDC00001
FDCAN ENDN  =87654321
FDCAN CCCR  =00000080
FDCAN NBTP  =02090C01
FDCAN PSR   =00000718
FDCAN RCC   =00000100
FDCAN D2CCIP1R=10000000
CM7_MAGIC=C07C07C7 CM7=85000000 CM4_MAGIC=C04C04C4 CM4=65766
FDCAN RESULT=FDC00001
FDCAN ENDN  =87654321
FDCAN CCCR  =00000080
FDCAN NBTP  =02090C01
FDCAN PSR   =00000718
FDCAN RCC   =00000100
FDCAN D2CCIP1R=10000000
CM7_MAGIC=C07C07C7 CM7=86000000 CM4_MAGIC=C04C04C4 CM4=66539
FDCAN RESULT=FDC00001
FDCAN ENDN  =87654321
FDCAN CCCR  =00000080
FDCAN NBTP  =02090C01
FDCAN PSR   =00000718
FDCAN RCC   =00000100
FDCAN D2CCIP1R=10000000
CM7_MAGIC=C07C07C7 CM7=87000000 CM4_MAGIC=C04C04C4 CM4=67312
FDCAN RESULT=FDC00001
FDCAN ENDN  =87654321
FDCAN CCCR  =00000080
FDCAN NBTP  =02090C01
FDCAN PSR   =00000718
FDCAN RCC   =00000100
FDCAN D2CCIP1R=10000000
CM7_MAGIC=C07C07C7 CM7=88000000 CM4_MAGIC=C04C04C4 CM4=68085
FDCAN RESULT=FDC00001
FDCAN ENDN  =87654321
FDCAN CCCR  =00000080
FDCAN NBTP  =02090C01
FDCAN PSR   =00000718
FDCAN RCC   =00000100
FDCAN D2CCIP1R=10000000
CM7_MAGIC=C07C07C7 CM7=89000000 CM4_MAGIC=C04C04C4 CM4=68858
FDCAN RESULT=FDC00001
FDCAN ENDN  =87654321
FDCAN CCCR  =00000080
FDCAN NBTP  =02090C01
FDCAN PSR   =00000718
FDCAN RCC   =00000100
FDCAN D2CCIP1R=10000000
CM7_MAGIC=C07C07C7 CM7=90000000 CM4_MAGIC=C04C04C4 CM4=69632
FDCAN RESULT=FDC00001
FDCAN ENDN  =87654321
FDCAN CCCR  =00000080
FDCAN NBTP  =02090C01
FDCAN PSR   =00000718
FDCAN RCC   =00000100
FDCAN D2CCIP1R=10000000
CM7_MAGIC=C07C07C7 CM7=91000000 CM4_MAGIC=C04C04C4 CM4=70405
FDCAN RESULT=FDC00001
FDCAN ENDN  =87654321
FDCAN CCCR  =00000080
FDCAN NBTP  =02090C01
FDCAN PSR   =00000718
FDCAN RCC   =00000100
FDCAN D2CCIP1R=10000000
CM7_MAGIC=C07C07C7 CM7=92000000 CM4_MAGIC=C04C04C4 CM4=71178
FDCAN RESULT=FDC00001
FDCAN ENDN  =87654321
FDCAN CCCR  =00000080
FDCAN NBTP  =02090C01
FDCAN PSR   =00000718
FDCAN RCC   =00000100
FDCAN D2CCIP1R=10000000
CM7_MAGIC=C07C07C7 CM7=93000000 CM4_MAGIC=C04C04C4 CM4=71951
FDCAN RESULT=FDC00001
FDCAN ENDN  =87654321
FDCAN CCCR  =00000080
FDCAN NBTP  =02090C01
FDCAN PSR   =00000718
FDCAN RCC   =00000100
FDCAN D2CCIP1R=10000000
CM7_MAGIC=C07C07C7 CM7=94000000 CM4_MAGIC=C04C04C4 CM4=72724
FDCAN RESULT=FDC00001
FDCAN ENDN  =87654321
FDCAN CCCR  =00000080
FDCAN NBTP  =02090C01
FDCAN PSR   =00000718
FDCAN RCC   =00000100
FDCAN D2CCIP1R=10000000
CM7_MAGIC=C07C07C7 CM7=95000000 CM4_MAGIC=C04C04C4 CM4=73497
FDCAN RESULT=FDC00001
FDCAN ENDN  =87654321
FDCAN CCCR  =00000080
FDCAN NBTP  =02090C01
FDCAN PSR   =00000718
FDCAN RCC   =00000100
FDCAN D2CCIP1R=10000000
CM7_MAGIC=C07C07C7 CM7=96000000 CM4_MAGIC=C04C04C4 CM4=74270
FDCAN RESULT=FDC00001
FDCAN ENDN  =87654321
FDCAN CCCR  =00000080
FDCAN NBTP  =02090C01
FDCAN PSR   =00000718
FDCAN RCC   =00000100
FDCAN D2CCIP1R=10000000
CM7_MAGIC=C07C07C7 CM7=97000000 CM4_MAGIC=C04C04C4 CM4=75043
FDCAN RESULT=FDC00001
FDCAN ENDN  =87654321
FDCAN CCCR  =00000080
FDCAN NBTP  =02090C01
FDCAN PSR   =00000718
FDCAN RCC   =00000100
FDCAN D2CCIP1R=10000000
CM7_MAGIC=C07C07C7 CM7=98000000 CM4_MAGIC=C04C04C4 CM4=75816
FDCAN RESULT=FDC00001
FDCAN ENDN  =87654321
FDCAN CCCR  =00000080
FDCAN NBTP  =02090C01
FDCAN PSR   =00000718
FDCAN RCC   =00000100
FDCAN D2CCIP1R=10000000
CM7_MAGIC=C07C07C7 CM7=99000000 CM4_MAGIC=C04C04C4 CM4=76589
FDCAN RESULT=FDC00001
FDCAN ENDN  =87654321
FDCAN CCCR  =00000080
FDCAN NBTP  =02090C01
FDCAN PSR   =00000718
FDCAN RCC   =00000100
FDCAN D2CCIP1R=10000000
CM7_MAGIC=C07C07C7 CM7=100000000 CM4_MAGIC=C04C04C4 CM4=77362
FDCAN RESULT=FDC00001
FDCAN ENDN  =87654321
FDCAN CCCR  =00000080
FDCAN NBTP  =02090C01
FDCAN PSR   =00000718
FDCAN RCC   =00000100
FDCAN D2CCIP1R=10000000
CM7_MAGIC=C07C07C7 CM7=101000000 CM4_MAGIC=C04C04C4 CM4=78135
FDCAN RESULT=FDC00001
FDCAN ENDN  =87654321
FDCAN CCCR  =00000080
FDCAN NBTP  =02090C01
FDCAN PSR   =00000718
FDCAN RCC   =00000100
FDCAN D2CCIP1R=10000000
CM7_MAGIC=C07C07C7 CM7=102000000 CM4_MAGIC=C04C04C4 CM4=78908
FDCAN RESULT=FDC00001
FDCAN ENDN  =87654321
FDCAN CCCR  =00000080
FDCAN NBTP  =02090C01
FDCAN PSR   =00000718
FDCAN RCC   =00000100
FDCAN D2CCIP1R=10000000
CM7_MAGIC=C07C07C7 CM7=103000000 CM4_MAGIC=C04C04C4 CM4=79681
FDCAN RESULT=FDC00001
FDCAN ENDN  =87654321
FDCAN CCCR  =00000080
FDCAN NBTP  =02090C01
FDCAN PSR   =00000718
FDCAN RCC   =00000100
FDCAN D2CCIP1R=10000000
CM7_MAGIC=C07C07C7 CM7=104000000 CM4_MAGIC=C04C04C4 CM4=80454
FDCAN RESULT=FDC00001
FDCAN ENDN  =87654321
FDCAN CCCR  =00000080
FDCAN NBTP  =02090C01
FDCAN PSR   =00000718
FDCAN RCC   =00000100
FDCAN D2CCIP1R=10000000
CM7_MAGIC=C07C07C7 CM7=105000000 CM4_MAGIC=C04C04C4 CM4=81227
FDCAN RESULT=FDC00001
FDCAN ENDN  =87654321
FDCAN CCCR  =00000080
FDCAN NBTP  =02090C01
FDCAN PSR   =00000718
FDCAN RCC   =00000100
FDCAN D2CCIP1R=10000000
CM7_MAGIC=C07C07C7 CM7=106000000 CM4_MAGIC=C04C04C4 CM4=82000
FDCAN RESULT=FDC00001
FDCAN ENDN  =87654321
FDCAN CCCR  =00000080
FDCAN NBTP  =02090C01
FDCAN PSR   =00000718
FDCAN RCC   =00000100
FDCAN D2CCIP1R=10000000
CM7_MAGIC=C07C07C7 CM7=107000000 CM4_MAGIC=C04C04C4 CM4=82773
FDCAN RESULT=FDC00001
FDCAN ENDN  =87654321
FDCAN CCCR  =00000080
FDCAN NBTP  =02090C01
FDCAN PSR   =00000718
FDCAN RCC   =00000100
FDCAN D2CCIP1R=10000000
CM7_MAGIC=C07C07C7 CM7=108000000 CM4_MAGIC=C04C04C4 CM4=83546
FDCAN RESULT=FDC00001
FDCAN ENDN  =87654321
FDCAN CCCR  =00000080
FDCAN NBTP  =02090C01
FDCAN PSR   =00000718
FDCAN RCC   =00000100
FDCAN D2CCIP1R=10000000
CM7_MAGIC=C07C07C7 CM7=109000000 CM4_MAGIC=C04C04C4 CM4=84319
FDCAN RESULT=FDC00001
FDCAN ENDN  =87654321
FDCAN CCCR  =00000080
FDCAN NBTP  =02090C01
FDCAN PSR   =00000718
FDCAN RCC   =00000100
FDCAN D2CCIP1R=10000000
CM7_MAGIC=C07C07C7 CM7=110000000 CM4_MAGIC=C04C04C4 CM4=85092
FDCAN RESULT=FDC00001
FDCAN ENDN  =87654321
FDCAN CCCR  =00000080
FDCAN NBTP  =02090C01
FDCAN PSR   =00000718
FDCAN RCC   =00000100
FDCAN D2CCIP1R=10000000
CM7_MAGIC=C07C07C7 CM7=111000000 CM4_MAGIC=C04C04C4 CM4=85865
FDCAN RESULT=FDC00001
FDCAN ENDN  =87654321
FDCAN CCCR  =00000080
FDCAN NBTP  =02090C01
FDCAN PSR   =00000718
FDCAN RCC   =00000100
FDCAN D2CCIP1R=10000000
CM7_MAGIC=C07C07C7 CM7=112000000 CM4_MAGIC=C04C04C4 CM4=86638
FDCAN RESULT=FDC00001
FDCAN ENDN  =87654321
FDCAN CCCR  =00000080
FDCAN NBTP  =02090C01
FDCAN PSR   =00000718
FDCAN RCC   =00000100
FDCAN D2CCIP1R=10000000
CM7_MAGIC=C07C07C7 CM7=113000000 CM4_MAGIC=C04C04C4 CM4=87411
FDCAN RESULT=FDC00001
FDCAN ENDN  =87654321
FDCAN CCCR  =00000080
FDCAN NBTP  =02090C01
FDCAN PSR   =00000718
FDCAN RCC   =00000100
FDCAN D2CCIP1R=10000000
CM7_MAGIC=C07C07C7 CM7=114000000 CM4_MAGIC=C04C04C4 CM4=88184
FDCAN RESULT=FDC00001
FDCAN ENDN  =87654321
FDCAN CCCR  =00000080
FDCAN NBTP  =02090C01
FDCAN PSR   =00000718
FDCAN RCC   =00000100
FDCAN D2CCIP1R=10000000
CM7_MAGIC=C07C07C7 CM7=115000000 CM4_MAGIC=C04C04C4 CM4=88957
FDCAN RESULT=FDC00001
FDCAN ENDN  =87654321
FDCAN CCCR  =00000080
FDCAN NBTP  =02090C01
FDCAN PSR   =00000718
FDCAN RCC   =00000100
FDCAN D2CCIP1R=10000000
CM7_MAGIC=C07C07C7 CM7=116000000 CM4_MAGIC=C04C04C4 CM4=89730
FDCAN RESULT=FDC00001
FDCAN ENDN  =87654321
FDCAN CCCR  =00000080
FDCAN NBTP  =02090C01
FDCAN PSR   =00000718
FDCAN RCC   =00000100
FDCAN D2CCIP1R=10000000
CM7_MAGIC=C07C07C7 CM7=117000000 CM4_MAGIC=C04C04C4 CM4=90503
FDCAN RESULT=FDC00001
FDCAN ENDN  =87654321
FDCAN CCCR  =00000080
FDCAN NBTP  =02090C01
FDCAN PSR   =00000718
FDCAN RCC   =00000100
FDCAN D2CCIP1R=10000000
CM7_MAGIC=C07C07C7 CM7=118000000 CM4_MAGIC=C04C04C4 CM4=91276
FDCAN RESULT=FDC00001
FDCAN ENDN  =87654321
FDCAN CCCR  =00000080
FDCAN NBTP  =02090C01
FDCAN PSR   =00000718
FDCAN RCC   =00000100
FDCAN D2CCIP1R=10000000
CM7_MAGIC=C07C07C7 CM7=119000000 CM4_MAGIC=C04C04C4 CM4=92049
FDCAN RESULT=FDC00001
FDCAN ENDN  =87654321
FDCAN CCCR  =00000080
FDCAN NBTP  =02090C01
FDCAN PSR   =00000718
FDCAN RCC   =00000100
FDCAN D2CCIP1R=10000000
CM7_MAGIC=C07C07C7 CM7=120000000 CM4_MAGIC=C04C04C4 CM4=92822
FDCAN RESULT=FDC00001
FDCAN ENDN  =87654321
FDCAN CCCR  =00000080
FDCAN NBTP  =02090C01
FDCAN PSR   =00000718
FDCAN RCC   =00000100
FDCAN D2CCIP1R=10000000
CM7_MAGIC=C07C07C7 CM7=121000000 CM4_MAGIC=C04C04C4 CM4=93595
FDCAN RESULT=FDC00001
FDCAN ENDN  =87654321
FDCAN CCCR  =00000080
FDCAN NBTP  =02090C01
FDCAN PSR   =00000718
FDCAN RCC   =00000100
FDCAN D2CCIP1R=10000000
CM7_MAGIC=C07C07C7 CM7=122000000 CM4_MAGIC=C04C04C4 CM4=94369
FDCAN RESULT=FDC00001
FDCAN ENDN  =87654321
FDCAN CCCR  =00000080
FDCAN NBTP  =02090C01
FDCAN PSR   =00000718
FDCAN RCC   =00000100
FDCAN D2CCIP1R=10000000
CM7_MAGIC=C07C07C7 CM7=123000000 CM4_MAGIC=C04C04C4 CM4=95142
FDCAN RESULT=FDC00001
FDCAN ENDN  =87654321
FDCAN CCCR  =00000080
FDCAN NBTP  =02090C01
FDCAN PSR   =00000718
FDCAN RCC   =00000100
FDCAN D2CCIP1R=10000000
CM7_MAGIC=C07C07C7 CM7=124000000 CM4_MAGIC=C04C04C4 CM4=95915
FDCAN RESULT=FDC00001
FDCAN ENDN  =87654321
FDCAN CCCR  =00000080
FDCAN NBTP  =02090C01
FDCAN PSR   =00000718
FDCAN RCC   =00000100
FDCAN D2CCIP1R=10000000
CM7_MAGIC=C07C07C7 CM7=125000000 CM4_MAGIC=C04C04C4 CM4=96688
FDCAN RESULT=FDC00001
FDCAN ENDN  =87654321
FDCAN CCCR  =00000080
FDCAN NBTP  =02090C01
FDCAN PSR   =00000718
FDCAN RCC   =00000100
FDCAN D2CCIP1R=10000000
CM7_MAGIC=C07C07C7 CM7=126000000 CM4_MAGIC=C04C04C4 CM4=97461
FDCAN RESULT=FDC00001
FDCAN ENDN  =87654321
FDCAN CCCR  =00000080
FDCAN NBTP  =02090C01
FDCAN PSR   =00000718
FDCAN RCC   =00000100
FDCAN D2CCIP1R=10000000
CM7_MAGIC=C07C07C7 CM7=127000000 CM4_MAGIC=C04C04C4 CM4=98234
FDCAN RESULT=FDC00001
FDCAN ENDN  =87654321
FDCAN CCCR  =00000080
FDCAN NBTP  =02090C01
FDCAN PSR   =00000718
FDCAN RCC   =00000100
FDCAN D2CCIP1R=10000000
CM7_MAGIC=C07C07C7 CM7=128000000 CM4_MAGIC=C04C04C4 CM4=99007
FDCAN RESULT=FDC00001
FDCAN ENDN  =87654321
FDCAN CCCR  =00000080
FDCAN NBTP  =02090C01
FDCAN PSR   =00000718
FDCAN RCC   =00000100
FDCAN D2CCIP1R=10000000
CM7_MAGIC=C07C07C7 CM7=129000000 CM4_MAGIC=C04C04C4 CM4=99780
FDCAN RESULT=FDC00001
FDCAN ENDN  =87654321
FDCAN CCCR  =00000080
FDCAN NBTP  =02090C01
FDCAN PSR   =00000718
FDCAN RCC   =00000100
FDCAN D2CCIP1R=10000000
CM7_MAGIC=C07C07C7 CM7=130000000 CM4_MAGIC=C04C04C4 CM4=100553
FDCAN RESULT=FDC00001
FDCAN ENDN  =87654321
FDCAN CCCR  =00000080
FDCAN NBTP  =02090C01
FDCAN PSR   =00000718
FDCAN RCC   =00000100
FDCAN D2CCIP1R=10000000
CM7_MAGIC=C07C07C7 CM7=131000000 CM4_MAGIC=C04C04C4 CM4=101326
FDCAN RESULT=FDC00001
FDCAN ENDN  =87654321
FDCAN CCCR  =00000080
FDCAN NBTP  =02090C01
FDCAN PSR   =00000718
FDCAN RCC   =00000100
FDCAN D2CCIP1R=10000000
CM7_MAGIC=C07C07C7 CM7=132000000 CM4_MAGIC=C04C04C4 CM4=102099
FDCAN RESULT=FDC00001
FDCAN ENDN  =87654321
FDCAN CCCR  =00000080
FDCAN NBTP  =02090C01
FDCAN PSR   =00000718
FDCAN RCC   =00000100
FDCAN D2CCIP1R=10000000
CM7_MAGIC=C07C07C7 CM7=133000000 CM4_MAGIC=C04C04C4 CM4=102872
FDCAN RESULT=FDC00001
FDCAN ENDN  =87654321
FDCAN CCCR  =00000080
FDCAN NBTP  =02090C01
FDCAN PSR   =00000718
FDCAN RCC   =00000100
FDCAN D2CCIP1R=10000000
CM7_MAGIC=C07C07C7 CM7=134000000 CM4_MAGIC=C04C04C4 CM4=103645
FDCAN RESULT=FDC00001
FDCAN ENDN  =87654321
FDCAN CCCR  =00000080
FDCAN NBTP  =02090C01
FDCAN PSR   =00000718
FDCAN RCC   =00000100
FDCAN D2CCIP1R=10000000
CM7_MAGIC=C07C07C7 CM7=135000000 CM4_MAGIC=C04C04C4 CM4=104418
FDCAN RESULT=FDC00001
FDCAN ENDN  =87654321
FDCAN CCCR  =00000080
FDCAN NBTP  =02090C01
FDCAN PSR   =00000718
FDCAN RCC   =00000100
FDCAN D2CCIP1R=10000000
CM7_MAGIC=C07C07C7 CM7=136000000 CM4_MAGIC=C04C04C4 CM4=105191
FDCAN RESULT=FDC00001
FDCAN ENDN  =87654321
FDCAN CCCR  =00000080
FDCAN NBTP  =02090C01
FDCAN PSR   =00000718
FDCAN RCC   =00000100
FDCAN D2CCIP1R=10000000
CM7_MAGIC=C07C07C7 CM7=137000000 CM4_MAGIC=C04C04C4 CM4=105964
FDCAN RESULT=FDC00001
FDCAN ENDN  =87654321
FDCAN CCCR  =00000080
FDCAN NBTP  =02090C01
FDCAN PSR   =00000718
FDCAN RCC   =00000100
FDCAN D2CCIP1R=10000000
CM7_MAGIC=C07C07C7 CM7=138000000 CM4_MAGIC=C04C04C4 CM4=106737
FDCAN RESULT=FDC00001
FDCAN ENDN  =87654321
FDCAN CCCR  =00000080
FDCAN NBTP  =02090C01
FDCAN PSR   =00000718
FDCAN RCC   =00000100
FDCAN D2CCIP1R=10000000
CM7_MAGIC=C07C07C7 CM7=139000000 CM4_MAGIC=C04C04C4 CM4=107510
FDCAN RESULT=FDC00001
FDCAN ENDN  =87654321
FDCAN CCCR  =00000080
FDCAN NBTP  =02090C01
FDCAN PSR   =00000718
FDCAN RCC   =00000100
FDCAN D2CCIP1R=10000000
CM7_MAGIC=C07C07C7 CM7=140000000 CM4_MAGIC=C04C04C4 CM4=108283
FDCAN RESULT=FDC00001
FDCAN ENDN  =87654321
FDCAN CCCR  =00000080
FDCAN NBTP  =02090C01
FDCAN PSR   =00000718
FDCAN RCC   =00000100
FDCAN D2CCIP1R=10000000
CM7_MAGIC=C07C07C7 CM7=141000000 CM4_MAGIC=C04C04C4 CM4=109056
FDCAN RESULT=FDC00001
FDCAN ENDN  =87654321
FDCAN CCCR  =00000080
FDCAN NBTP  =02090C01
FDCAN PSR   =00000718
FDCAN RCC   =00000100
FDCAN D2CCIP1R=10000000
CM7_MAGIC=C07C07C7 CM7=142000000 CM4_MAGIC=C04C04C4 CM4=109829
FDCAN RESULT=FDC00001
FDCAN ENDN  =87654321
FDCAN CCCR  =00000080
FDCAN NBTP  =02090C01
FDCAN PSR   =00000718
FDCAN RCC   =00000100
FDCAN D2CCIP1R=10000000
CM7_MAGIC=C07C07C7 CM7=143000000 CM4_MAGIC=C04C04C4 CM4=110602
FDCAN RESULT=FDC00001
FDCAN ENDN  =87654321
FDCAN CCCR  =00000080
FDCAN NBTP  =02090C01
FDCAN PSR   =00000718
FDCAN RCC   =00000100
FDCAN D2CCIP1R=10000000
CM7_MAGIC=C07C07C7 CM7=144000000 CM4_MAGIC=C04C04C4 CM4=111375
FDCAN RESULT=FDC00001
FDCAN ENDN  =87654321
FDCAN CCCR  =00000080
FDCAN NBTP  =02090C01
FDCAN PSR   =00000718
FDCAN RCC   =00000100
FDCAN D2CCIP1R=10000000
CM7_MAGIC=C07C07C7 CM7=145000000 CM4_MAGIC=C04C04C4 CM4=112148
FDCAN RESULT=FDC00001
FDCAN ENDN  =87654321
FDCAN CCCR  =00000080
FDCAN NBTP  =02090C01
FDCAN PSR   =00000718
FDCAN RCC   =00000100
FDCAN D2CCIP1R=10000000
CM7_MAGIC=C07C07C7 CM7=146000000 CM4_MAGIC=C04C04C4 CM4=112921
FDCAN RESULT=FDC00001
FDCAN ENDN  =87654321
FDCAN CCCR  =00000080
FDCAN NBTP  =02090C01
FDCAN PSR   =00000718
FDCAN RCC   =00000100
FDCAN D2CCIP1R=10000000
CM7_MAGIC=C07C07C7 CM7=147000000 CM4_MAGIC=C04C04C4 CM4=113694
FDCAN RESULT=FDC00001
FDCAN ENDN  =87654321
FDCAN CCCR  =00000080
FDCAN NBTP  =02090C01
FDCAN PSR   =00000718
FDCAN RCC   =00000100
FDCAN D2CCIP1R=10000000
CM7_MAGIC=C07C07C7 CM7=148000000 CM4_MAGIC=C04C04C4 CM4=114467
FDCAN RESULT=FDC00001
FDCAN ENDN  =87654321
FDCAN CCCR  =00000080
FDCAN NBTP  =02090C01
FDCAN PSR   =00000718
FDCAN RCC   =00000100
FDCAN D2CCIP1R=10000000
CM7_MAGIC=C07C07C7 CM7=149000000 CM4_MAGIC=C04C04C4 CM4=115240
FDCAN RESULT=FDC00001
FDCAN ENDN  =87654321
FDCAN CCCR  =00000080
FDCAN NBTP  =02090C01
FDCAN PSR   =00000718
FDCAN RCC   =00000100
FDCAN D2CCIP1R=10000000
CM7_MAGIC=C07C07C7 CM7=150000000 CM4_MAGIC=C04C04C4 CM4=116013
FDCAN RESULT=FDC00001
FDCAN ENDN  =87654321
FDCAN CCCR  =00000080
FDCAN NBTP  =02090C01
FDCAN PSR   =00000718
FDCAN RCC   =00000100
FDCAN D2CCIP1R=10000000
CM7_MAGIC=C07C07C7 CM7=151000000 CM4_MAGIC=C04C04C4 CM4=116786
FDCAN RESULT=FDC00001
FDCAN ENDN  =87654321
FDCAN CCCR  =00000080
FDCAN NBTP  =02090C01
FDCAN PSR   =00000718
FDCAN RCC   =00000100
FDCAN D2CCIP1R=10000000
CM7_MAGIC=C07C07C7 CM7=152000000 CM4_MAGIC=C04C04C4 CM4=117560
FDCAN RESULT=FDC00001
FDCAN ENDN  =87654321
FDCAN CCCR  =00000080
FDCAN NBTP  =02090C01
FDCAN PSR   =00000718
FDCAN RCC   =00000100
FDCAN D2CCIP1R=10000000
CM7_MAGIC=C07C07C7 CM7=153000000 CM4_MAGIC=C04C04C4 CM4=118333
FDCAN RESULT=FDC00001
FDCAN ENDN  =87654321
FDCAN CCCR  =00000080
FDCAN NBTP  =02090C01
FDCAN PSR   =00000718
FDCAN RCC   =00000100
FDCAN D2CCIP1R=10000000
CM7_MAGIC=C07C07C7 CM7=154000000 CM4_MAGIC=C04C04C4 CM4=119106
FDCAN RESULT=FDC00001
FDCAN ENDN  =87654321
FDCAN CCCR  =00000080
FDCAN NBTP  =02090C01
FDCAN PSR   =00000718
FDCAN RCC   =00000100
FDCAN D2CCIP1R=10000000
CM7_MAGIC=C07C07C7 CM7=155000000 CM4_MAGIC=C04C04C4 CM4=119879
FDCAN RESULT=FDC00001
FDCAN ENDN  =87654321
FDCAN CCCR  =00000080
FDCAN NBTP  =02090C01
FDCAN PSR   =00000718
FDCAN RCC   =00000100
FDCAN D2CCIP1R=10000000
CM7_MAGIC=C07C07C7 CM7=156000000 CM4_MAGIC=C04C04C4 CM4=120652
FDCAN RESULT=FDC00001
FDCAN ENDN  =87654321
FDCAN CCCR  =00000080
FDCAN NBTP  =02090C01
FDCAN PSR   =00000718
FDCAN RCC   =00000100
FDCAN D2CCIP1R=10000000
CM7_MAGIC=C07C07C7 CM7=157000000 CM4_MAGIC=C04C04C4 CM4=121425
FDCAN RESULT=FDC00001
FDCAN ENDN  =87654321
FDCAN CCCR  =00000080
FDCAN NBTP  =02090C01
FDCAN PSR   =00000718
FDCAN RCC   =00000100
FDCAN D2CCIP1R=10000000
CM7_MAGIC=C07C07C7 CM7=158000000 CM4_MAGIC=C04C04C4 CM4=122198
FDCAN RESULT=FDC00001
FDCAN ENDN  =87654321
FDCAN CCCR  =00000080
FDCAN NBTP  =02090C01
FDCAN PSR   =00000718
FDCAN RCC   =00000100
FDCAN D2CCIP1R=10000000
CM7_MAGIC=C07C07C7 CM7=159000000 CM4_MAGIC=C04C04C4 CM4=122971
FDCAN RESULT=FDC00001
FDCAN ENDN  =87654321
FDCAN CCCR  =00000080
FDCAN NBTP  =02090C01
FDCAN PSR   =00000718
FDCAN RCC   =00000100
FDCAN D2CCIP1R=10000000
CM7_MAGIC=C07C07C7 CM7=160000000 CM4_MAGIC=C04C04C4 CM4=123744
FDCAN RESULT=FDC00001
FDCAN ENDN  =87654321
FDCAN CCCR  =00000080
FDCAN NBTP  =02090C01
FDCAN PSR   =00000718
FDCAN RCC   =00000100
FDCAN D2CCIP1R=10000000
CM7_MAGIC=C07C07C7 CM7=161000000 CM4_MAGIC=C04C04C4 CM4=124517
FDCAN RESULT=FDC00001
FDCAN ENDN  =87654321
FDCAN CCCR  =00000080
FDCAN NBTP  =02090C01
FDCAN PSR   =00000718
FDCAN RCC   =00000100
FDCAN D2CCIP1R=10000000
CM7_MAGIC=C07C07C7 CM7=162000000 CM4_MAGIC=C04C04C4 CM4=125290
FDCAN RESULT=FDC00001
FDCAN ENDN  =87654321
FDCAN CCCR  =00000080
FDCAN NBTP  =02090C01
FDCAN PSR   =00000718
FDCAN RCC   =00000100
FDCAN D2CCIP1R=10000000
CM7_MAGIC=C07C07C7 CM7=163000000 CM4_MAGIC=C04C04C4 CM4=126063
FDCAN RESULT=FDC00001
FDCAN ENDN  =87654321
FDCAN CCCR  =00000080
FDCAN NBTP  =02090C01
FDCAN PSR   =00000718
FDCAN RCC   =00000100
FDCAN D2CCIP1R=10000000
CM7_MAGIC=C07C07C7 CM7=164000000 CM4_MAGIC=C04C04C4 CM4=126836
FDCAN RESULT=FDC00001
FDCAN ENDN  =87654321
FDCAN CCCR  =00000080
FDCAN NBTP  =02090C01
FDCAN PSR   =00000718
FDCAN RCC   =00000100
FDCAN D2CCIP1R=10000000
CM7_MAGIC=C07C07C7 CM7=165000000 CM4_MAGIC=C04C04C4 CM4=127609
FDCAN RESULT=FDC00001
FDCAN ENDN  =87654321
FDCAN CCCR  =00000080
FDCAN NBTP  =02090C01
FDCAN PSR   =00000718
FDCAN RCC   =00000100
FDCAN D2CCIP1R=10000000
CM7_MAGIC=C07C07C7 CM7=166000000 CM4_MAGIC=C04C04C4 CM4=128382
FDCAN RESULT=FDC00001
FDCAN ENDN  =87654321
FDCAN CCCR  =00000080
FDCAN NBTP  =02090C01
FDCAN PSR   =00000718
FDCAN RCC   =00000100
FDCAN D2CCIP1R=10000000
CM7_MAGIC=C07C07C7 CM7=167000000 CM4_MAGIC=C04C04C4 CM4=129155
FDCAN RESULT=FDC00001
FDCAN ENDN  =87654321
FDCAN CCCR  =00000080
FDCAN NBTP  =02090C01
FDCAN PSR   =00000718
FDCAN RCC   =00000100
FDCAN D2CCIP1R=10000000
CM7_MAGIC=C07C07C7 CM7=168000000 CM4_MAGIC=C04C04C4 CM4=129928
FDCAN RESULT=FDC00001
FDCAN ENDN  =87654321
FDCAN CCCR  =00000080
FDCAN NBTP  =02090C01
FDCAN PSR   =00000718
FDCAN RCC   =00000100
FDCAN D2CCIP1R=10000000
CM7_MAGIC=C07C07C7 CM7=169000000 CM4_MAGIC=C04C04C4 CM4=130701
FDCAN RESULT=FDC00001
FDCAN ENDN  =87654321
FDCAN CCCR  =00000080
FDCAN NBTP  =02090C01
FDCAN PSR   =00000718
FDCAN RCC   =00000100
FDCAN D2CCIP1R=10000000
CM7_MAGIC=C07C07C7 CM7=170000000 CM4_MAGIC=C04C04C4 CM4=131474
FDCAN RESULT=FDC00001
FDCAN ENDN  =87654321
FDCAN CCCR  =00000080
FDCAN NBTP  =02090C01
FDCAN PSR   =00000718
FDCAN RCC   =00000100
FDCAN D2CCIP1R=10000000
CM7_MAGIC=C07C07C7 CM7=171000000 CM4_MAGIC=C04C04C4 CM4=132247
FDCAN RESULT=FDC00001
FDCAN ENDN  =87654321
FDCAN CCCR  =00000080
FDCAN NBTP  =02090C01
FDCAN PSR   =00000718
FDCAN RCC   =00000100
FDCAN D2CCIP1R=10000000
CM7_MAGIC=C07C07C7 CM7=172000000 CM4_MAGIC=C04C04C4 CM4=133020
FDCAN RESULT=FDC00001
FDCAN ENDN  =87654321
FDCAN CCCR  =00000080
FDCAN NBTP  =02090C01
FDCAN PSR   =00000718
FDCAN RCC   =00000100
FDCAN D2CCIP1R=10000000
CM7_MAGIC=C07C07C7 CM7=173000000 CM4_MAGIC=C04C04C4 CM4=133793
FDCAN RESULT=FDC00001
FDCAN ENDN  =87654321
FDCAN CCCR  =00000080
FDCAN NBTP  =02090C01
FDCAN PSR   =00000718
FDCAN RCC   =00000100
FDCAN D2CCIP1R=10000000
CM7_MAGIC=C07C07C7 CM7=174000000 CM4_MAGIC=C04C04C4 CM4=134566
FDCAN RESULT=FDC00001
FDCAN ENDN  =87654321
FDCAN CCCR  =00000080
FDCAN NBTP  =02090C01
FDCAN PSR   =00000718
FDCAN RCC   =00000100
FDCAN D2CCIP1R=10000000
CM7_MAGIC=C07C07C7 CM7=175000000 CM4_MAGIC=C04C04C4 CM4=135339
FDCAN RESULT=FDC00001
FDCAN ENDN  =87654321
FDCAN CCCR  =00000080
FDCAN NBTP  =02090C01
FDCAN PSR   =00000718
FDCAN RCC   =00000100
FDCAN D2CCIP1R=10000000
CM7_MAGIC=C07C07C7 CM7=176000000 CM4_MAGIC=C04C04C4 CM4=136112
FDCAN RESULT=FDC00001
FDCAN ENDN  =87654321
FDCAN CCCR  =00000080
FDCAN NBTP  =02090C01
FDCAN PSR   =00000718
FDCAN RCC   =00000100
FDCAN D2CCIP1R=10000000
CM7_MAGIC=C07C07C7 CM7=177000000 CM4_MAGIC=C04C04C4 CM4=136885
FDCAN RESULT=FDC00001
FDCAN ENDN  =87654321
FDCAN CCCR  =00000080
FDCAN NBTP  =02090C01
FDCAN PSR   =00000718
FDCAN RCC   =00000100
FDCAN D2CCIP1R=10000000
CM7_MAGIC=C07C07C7 CM7=178000000 CM4_MAGIC=C04C04C4 CM4=137658
FDCAN RESULT=FDC00001
FDCAN ENDN  =87654321
FDCAN CCCR  =00000080
FDCAN NBTP  =02090C01
FDCAN PSR   =00000718
FDCAN RCC   =00000100
FDCAN D2CCIP1R=10000000
CM7_MAGIC=C07C07C7 CM7=179000000 CM4_MAGIC=C04C04C4 CM4=138431
FDCAN RESULT=FDC00001
FDCAN ENDN  =87654321
FDCAN CCCR  =00000080
FDCAN NBTP  =02090C01
FDCAN PSR   =00000718
FDCAN RCC   =00000100
FDCAN D2CCIP1R=10000000
CM7_MAGIC=C07C07C7 CM7=180000000 CM4_MAGIC=C04C04C4 CM4=139204
FDCAN RESULT=FDC00001
FDCAN ENDN  =87654321
FDCAN CCCR  =00000080
FDCAN NBTP  =02090C01
FDCAN PSR   =00000718
FDCAN RCC   =00000100
FDCAN D2CCIP1R=10000000
CM7_MAGIC=C07C07C7 CM7=181000000 CM4_MAGIC=C04C04C4 CM4=139978
FDCAN RESULT=FDC00001
FDCAN ENDN  =87654321
FDCAN CCCR  =00000080
FDCAN NBTP  =02090C01
FDCAN PSR   =00000718
FDCAN RCC   =00000100
FDCAN D2CCIP1R=10000000
CM7_MAGIC=C07C07C7 CM7=182000000 CM4_MAGIC=C04C04C4 CM4=140751
FDCAN RESULT=FDC00001
FDCAN ENDN  =87654321
FDCAN CCCR  =00000080
FDCAN NBTP  =02090C01
FDCAN PSR   =00000718
FDCAN RCC   =00000100
FDCAN D2CCIP1R=10000000
CM7_MAGIC=C07C07C7 CM7=183000000 CM4_MAGIC=C04C04C4 CM4=141524
FDCAN RESULT=FDC00001
FDCAN ENDN  =87654321
FDCAN CCCR  =00000080
FDCAN NBTP  =02090C01
FDCAN PSR   =00000718
FDCAN RCC   =00000100
FDCAN D2CCIP1R=10000000
CM7_MAGIC=C07C07C7 CM7=184000000 CM4_MAGIC=C04C04C4 CM4=142297
FDCAN RESULT=FDC00001
FDCAN ENDN  =87654321
FDCAN CCCR  =00000080
FDCAN NBTP  =02090C01
FDCAN PSR   =00000718
FDCAN RCC   =00000100
FDCAN D2CCIP1R=10000000
CM7_MAGIC=C07C07C7 CM7=185000000 CM4_MAGIC=C04C04C4 CM4=143070
FDCAN RESULT=FDC00001
FDCAN ENDN  =87654321
FDCAN CCCR  =00000080
FDCAN NBTP  =02090C01
FDCAN PSR   =00000718
FDCAN RCC   =00000100
FDCAN D2CCIP1R=10000000
CM7_MAGIC=C07C07C7 CM7=186000000 CM4_MAGIC=C04C04C4 CM4=143843
FDCAN RESULT=FDC00001
FDCAN ENDN  =87654321
FDCAN CCCR  =00000080
FDCAN NBTP  =02090C01
FDCAN PSR   =00000718
FDCAN RCC   =00000100
FDCAN D2CCIP1R=10000000
CM7_MAGIC=C07C07C7 CM7=187000000 CM4_MAGIC=C04C04C4 CM4=144616
FDCAN RESULT=FDC00001
FDCAN ENDN  =87654321
FDCAN CCCR  =00000080
FDCAN NBTP  =02090C01
FDCAN PSR   =00000718
FDCAN RCC   =00000100
FDCAN D2CCIP1R=10000000
CM7_MAGIC=C07C07C7 CM7=188000000 CM4_MAGIC=C04C04C4 CM4=145389
FDCAN RESULT=FDC00001
FDCAN ENDN  =87654321
FDCAN CCCR  =00000080
FDCAN NBTP  =02090C01
FDCAN PSR   =00000718
FDCAN RCC   =00000100
FDCAN D2CCIP1R=10000000
CM7_MAGIC=C07C07C7 CM7=189000000 CM4_MAGIC=C04C04C4 CM4=146162
FDCAN RESULT=FDC00001
FDCAN ENDN  =87654321
FDCAN CCCR  =00000080
FDCAN NBTP  =02090C01
FDCAN PSR   =00000718
FDCAN RCC   =00000100
FDCAN D2CCIP1R=10000000
CM7_MAGIC=C07C07C7 CM7=190000000 CM4_MAGIC=C04C04C4 CM4=146935
FDCAN RESULT=FDC00001
FDCAN ENDN  =87654321
FDCAN CCCR  =00000080
FDCAN NBTP  =02090C01
FDCAN PSR   =00000718
FDCAN RCC   =00000100
FDCAN D2CCIP1R=10000000
CM7_MAGIC=C07C07C7 CM7=191000000 CM4_MAGIC=C04C04C4 CM4=147708
FDCAN RESULT=FDC00001
FDCAN ENDN  =87654321
FDCAN CCCR  =00000080
FDCAN NBTP  =02090C01
FDCAN PSR   =00000718
FDCAN RCC   =00000100
FDCAN D2CCIP1R=10000000
CM7_MAGIC=C07C07C7 CM7=192000000 CM4_MAGIC=C04C04C4 CM4=148481
FDCAN RESULT=FDC00001
FDCAN ENDN  =87654321
FDCAN CCCR  =00000080
FDCAN NBTP  =02090C01
FDCAN PSR   =00000718
FDCAN RCC   =00000100
FDCAN D2CCIP1R=10000000
CM7_MAGIC=C07C07C7 CM7=193000000 CM4_MAGIC=C04C04C4 CM4=149254
FDCAN RESULT=FDC00001
FDCAN ENDN  =87654321
FDCAN CCCR  =00000080
FDCAN NBTP  =02090C01
FDCAN PSR   =00000718
FDCAN RCC   =00000100
FDCAN D2CCIP1R=10000000
CM7_MAGIC=C07C07C7 CM7=194000000 CM4_MAGIC=C04C04C4 CM4=150027
FDCAN RESULT=FDC00001
FDCAN ENDN  =87654321
FDCAN CCCR  =00000080
FDCAN NBTP  =02090C01
FDCAN PSR   =00000718
FDCAN RCC   =00000100
FDCAN D2CCIP1R=10000000
CM7_MAGIC=C07C07C7 CM7=195000000 CM4_MAGIC=C04C04C4 CM4=150800
FDCAN RESULT=FDC00001
FDCAN ENDN  =87654321
FDCAN CCCR  =00000080
FDCAN NBTP  =02090C01
FDCAN PSR   =00000718
FDCAN RCC   =00000100
FDCAN D2CCIP1R=10000000
CM7_MAGIC=C07C07C7 CM7=196000000 CM4_MAGIC=C04C04C4 CM4=151573
FDCAN RESULT=FDC00001
FDCAN ENDN  =87654321
FDCAN CCCR  =00000080
FDCAN NBTP  =02090C01
FDCAN PSR   =00000718
FDCAN RCC   =00000100
FDCAN D2CCIP1R=10000000
CM7_MAGIC=C07C07C7 CM7=197000000 CM4_MAGIC=C04C04C4 CM4=152346
FDCAN RESULT=FDC00001
FDCAN ENDN  =87654321
FDCAN CCCR  =00000080
FDCAN NBTP  =02090C01
FDCAN PSR   =00000718
FDCAN RCC   =00000100
FDCAN D2CCIP1R=10000000
CM7_MAGIC=C07C07C7 CM7=198000000 CM4_MAGIC=C04C04C4 CM4=153119
FDCAN RESULT=FDC00001
FDCAN ENDN  =87654321
FDCAN CCCR  =00000080
FDCAN NBTP  =02090C01
FDCAN PSR   =00000718
FDCAN RCC   =00000100
FDCAN D2CCIP1R=10000000
CM7_MAGIC=C07C07C7 CM7=199000000 CM4_MAGIC=C04C04C4 CM4=153892
FDCAN RESULT=FDC00001
FDCAN ENDN  =87654321
FDCAN CCCR  =00000080
FDCAN NBTP  =02090C01
FDCAN PSR   =00000718
FDCAN RCC   =00000100
FDCAN D2CCIP1R=10000000
CM7_MAGIC=C07C07C7 CM7=200000000 CM4_MAGIC=C04C04C4 CM4=154665
FDCAN RESULT=FDC00001
FDCAN ENDN  =87654321
FDCAN CCCR  =00000080
FDCAN NBTP  =02090C01
FDCAN PSR   =00000718
FDCAN RCC   =00000100
FDCAN D2CCIP1R=10000000
CM7_MAGIC=C07C07C7 CM7=201000000 CM4_MAGIC=C04C04C4 CM4=155438
FDCAN RESULT=FDC00001
FDCAN ENDN  =87654321
FDCAN CCCR  =00000080
FDCAN NBTP  =02090C01
FDCAN PSR   =00000718
FDCAN RCC   =00000100
FDCAN D2CCIP1R=10000000
CM7_MAGIC=C07C07C7 CM7=202000000 CM4_MAGIC=C04C04C4 CM4=156211
FDCAN RESULT=FDC00001
FDCAN ENDN  =87654321
FDCAN CCCR  =00000080
FDCAN NBTP  =02090C01
FDCAN PSR   =00000718
FDCAN RCC   =00000100
FDCAN D2CCIP1R=10000000
CM7_MAGIC=C07C07C7 CM7=203000000 CM4_MAGIC=C04C04C4 CM4=156984
FDCAN RESULT=FDC00001
FDCAN ENDN  =87654321
FDCAN CCCR  =00000080
FDCAN NBTP  =02090C01
FDCAN PSR   =00000718
FDCAN RCC   =00000100
FDCAN D2CCIP1R=10000000
CM7_MAGIC=C07C07C7 CM7=204000000 CM4_MAGIC=C04C04C4 CM4=157757
FDCAN RESULT=FDC00001
FDCAN ENDN  =87654321
FDCAN CCCR  =00000080
FDCAN NBTP  =02090C01
FDCAN PSR   =00000718
FDCAN RCC   =00000100
FDCAN D2CCIP1R=10000000
CM7_MAGIC=C07C07C7 CM7=205000000 CM4_MAGIC=C04C04C4 CM4=158530
FDCAN RESULT=FDC00001
FDCAN ENDN  =87654321
FDCAN CCCR  =00000080
FDCAN NBTP  =02090C01
FDCAN PSR   =00000718
FDCAN RCC   =00000100
FDCAN D2CCIP1R=10000000
CM7_MAGIC=C07C07C7 CM7=206000000 CM4_MAGIC=C04C04C4 CM4=159303
FDCAN RESULT=FDC00001
FDCAN ENDN  =87654321
FDCAN CCCR  =00000080
FDCAN NBTP  =02090C01
FDCAN PSR   =00000718
FDCAN RCC   =00000100
FDCAN D2CCIP1R=10000000
CM7_MAGIC=C07C07C7 CM7=207000000 CM4_MAGIC=C04C04C4 CM4=160076
FDCAN RESULT=FDC00001
FDCAN ENDN  =87654321
FDCAN CCCR  =00000080
FDCAN NBTP  =02090C01
FDCAN PSR   =00000718
FDCAN RCC   =00000100
FDCAN D2CCIP1R=10000000
CM7_MAGIC=C07C07C7 CM7=208000000 CM4_MAGIC=C04C04C4 CM4=160849
FDCAN RESULT=FDC00001
FDCAN ENDN  =87654321
FDCAN CCCR  =00000080
FDCAN NBTP  =02090C01
FDCAN PSR   =00000718
FDCAN RCC   =00000100
FDCAN D2CCIP1R=10000000
CM7_MAGIC=C07C07C7 CM7=209000000 CM4_MAGIC=C04C04C4 CM4=161622
FDCAN RESULT=FDC00001
FDCAN ENDN  =87654321
FDCAN CCCR  =00000080
FDCAN NBTP  =02090C01
FDCAN PSR   =00000718
FDCAN RCC   =00000100
FDCAN D2CCIP1R=10000000
CM7_MAGIC=C07C07C7 CM7=210000000 CM4_MAGIC=C04C04C4 CM4=162395
FDCAN RESULT=FDC00001
FDCAN ENDN  =87654321
FDCAN CCCR  =00000080
FDCAN NBTP  =02090C01
FDCAN PSR   =00000718
FDCAN RCC   =00000100
FDCAN D2CCIP1R=10000000
CM7_MAGIC=C07C07C7 CM7=211000000 CM4_MAGIC=C04C04C4 CM4=163169
FDCAN RESULT=FDC00001
FDCAN ENDN  =87654321
FDCAN CCCR  =00000080
FDCAN NBTP  =02090C01
FDCAN PSR   =00000718
FDCAN RCC   =00000100
FDCAN D2CCIP1R=10000000
CM7_MAGIC=C07C07C7 CM7=212000000 CM4_MAGIC=C04C04C4 CM4=163942
FDCAN RESULT=FDC00001
FDCAN ENDN  =87654321
FDCAN CCCR  =00000080
FDCAN NBTP  =02090C01
FDCAN PSR   =00000718
FDCAN RCC   =00000100
FDCAN D2CCIP1R=10000000
CM7_MAGIC=C07C07C7 CM7=213000000 CM4_MAGIC=C04C04C4 CM4=164715
FDCAN RESULT=FDC00001
FDCAN ENDN  =87654321
FDCAN CCCR  =00000080
FDCAN NBTP  =02090C01
FDCAN PSR   =00000718
FDCAN RCC   =00000100
FDCAN D2CCIP1R=10000000
CM7_MAGIC=C07C07C7 CM7=214000000 CM4_MAGIC=C04C04C4 CM4=165488
FDCAN RESULT=FDC00001
FDCAN ENDN  =87654321
FDCAN CCCR  =00000080
FDCAN NBTP  =02090C01
FDCAN PSR   =00000718
FDCAN RCC   =00000100
FDCAN D2CCIP1R=10000000
CM7_MAGIC=C07C07C7 CM7=215000000 CM4_MAGIC=C04C04C4 CM4=166261
FDCAN RESULT=FDC00001
FDCAN ENDN  =87654321
FDCAN CCCR  =00000080
FDCAN NBTP  =02090C01
FDCAN PSR   =00000718
FDCAN RCC   =00000100
FDCAN D2CCIP1R=10000000
CM7_MAGIC=C07C07C7 CM7=216000000 CM4_MAGIC=C04C04C4 CM4=167034
FDCAN RESULT=FDC00001
FDCAN ENDN  =87654321
FDCAN CCCR  =00000080
FDCAN NBTP  =02090C01
FDCAN PSR   =00000718
FDCAN RCC   =00000100
FDCAN D2CCIP1R=10000000
CM7_MAGIC=C07C07C7 CM7=217000000 CM4_MAGIC=C04C04C4 CM4=167807
FDCAN RESULT=FDC00001
FDCAN ENDN  =87654321
FDCAN CCCR  =00000080
FDCAN NBTP  =02090C01
FDCAN PSR   =00000718
FDCAN RCC   =00000100
FDCAN D2CCIP1R=10000000
CM7_MAGIC=C07C07C7 CM7=218000000 CM4_MAGIC=C04C04C4 CM4=168580
FDCAN RESULT=FDC00001
FDCAN ENDN  =87654321
FDCAN CCCR  =00000080
FDCAN NBTP  =02090C01
FDCAN PSR   =00000718
FDCAN RCC   =00000100
FDCAN D2CCIP1R=10000000
CM7_MAGIC=C07C07C7 CM7=219000000 CM4_MAGIC=C04C04C4 CM4=169353
FDCAN RESULT=FDC00001
FDCAN ENDN  =87654321
FDCAN CCCR  =00000080
FDCAN NBTP  =02090C01
FDCAN PSR   =00000718
FDCAN RCC   =00000100
FDCAN D2CCIP1R=10000000
CM7_MAGIC=C07C07C7 CM7=220000000 CM4_MAGIC=C04C04C4 CM4=170126
FDCAN RESULT=FDC00001
FDCAN ENDN  =87654321
FDCAN CCCR  =00000080
FDCAN NBTP  =02090C01
FDCAN PSR   =00000718
FDCAN RCC   =00000100
FDCAN D2CCIP1R=10000000
CM7_MAGIC=C07C07C7 CM7=221000000 CM4_MAGIC=C04C04C4 CM4=170899
FDCAN RESULT=FDC00001
FDCAN ENDN  =87654321
FDCAN CCCR  =00000080
FDCAN NBTP  =02090C01
FDCAN PSR   =00000718
FDCAN RCC   =00000100
FDCAN D2CCIP1R=10000000
CM7_MAGIC=C07C07C7 CM7=222000000 CM4_MAGIC=C04C04C4 CM4=171672
FDCAN RESULT=FDC00001
FDCAN ENDN  =87654321
FDCAN CCCR  =00000080
FDCAN NBTP  =02090C01
FDCAN PSR   =00000718
FDCAN RCC   =00000100
FDCAN D2CCIP1R=10000000
CM7_MAGIC=C07C07C7 CM7=223000000 CM4_MAGIC=C04C04C4 CM4=172445
FDCAN RESULT=FDC00001
FDCAN ENDN  =87654321
FDCAN CCCR  =00000080
FDCAN NBTP  =02090C01
FDCAN PSR   =00000718
FDCAN RCC   =00000100
FDCAN D2CCIP1R=10000000
CM7_MAGIC=C07C07C7 CM7=224000000 CM4_MAGIC=C04C04C4 CM4=173218
FDCAN RESULT=FDC00001
FDCAN ENDN  =87654321
FDCAN CCCR  =00000080
FDCAN NBTP  =02090C01
FDCAN PSR   =00000718
FDCAN RCC   =00000100
FDCAN D2CCIP1R=10000000
CM7_MAGIC=C07C07C7 CM7=225000000 CM4_MAGIC=C04C04C4 CM4=173991
FDCAN RESULT=FDC00001
FDCAN ENDN  =87654321
FDCAN CCCR  =00000080
FDCAN NBTP  =02090C01
FDCAN PSR   =00000718
FDCAN RCC   =00000100
FDCAN D2CCIP1R=10000000
CM7_MAGIC=C07C07C7 CM7=226000000 CM4_MAGIC=C04C04C4 CM4=174764
FDCAN RESULT=FDC00001
FDCAN ENDN  =87654321
FDCAN CCCR  =00000080
FDCAN NBTP  =02090C01
FDCAN PSR   =00000718
FDCAN RCC   =00000100
FDCAN D2CCIP1R=10000000
CM7_MAGIC=C07C07C7 CM7=227000000 CM4_MAGIC=C04C04C4 CM4=175537
FDCAN RESULT=FDC00001
FDCAN ENDN  =87654321
FDCAN CCCR  =00000080
FDCAN NBTP  =02090C01
FDCAN PSR   =00000718
FDCAN RCC   =00000100
FDCAN D2CCIP1R=10000000
CM7_MAGIC=C07C07C7 CM7=228000000 CM4_MAGIC=C04C04C4 CM4=176310
FDCAN RESULT=FDC00001
FDCAN ENDN  =87654321
FDCAN CCCR  =00000080
FDCAN NBTP  =02090C01
FDCAN PSR   =00000718
FDCAN RCC   =00000100
FDCAN D2CCIP1R=10000000
CM7_MAGIC=C07C07C7 CM7=229000000 CM4_MAGIC=C04C04C4 CM4=177083
FDCAN RESULT=FDC00001
FDCAN ENDN  =87654321
FDCAN CCCR  =00000080
FDCAN NBTP  =02090C01
FDCAN PSR   =00000718
FDCAN RCC   =00000100
FDCAN D2CCIP1R=10000000
CM7_MAGIC=C07C07C7 CM7=230000000 CM4_MAGIC=C04C04C4 CM4=177856
FDCAN RESULT=FDC00001
FDCAN ENDN  =87654321
FDCAN CCCR  =00000080
FDCAN NBTP  =02090C01
FDCAN PSR   =00000718
FDCAN RCC   =00000100
FDCAN D2CCIP1R=10000000
CM7_MAGIC=C07C07C7 CM7=231000000 CM4_MAGIC=C04C04C4 CM4=178629
FDCAN RESULT=FDC00001
FDCAN ENDN  =87654321
FDCAN CCCR  =00000080
FDCAN NBTP  =02090C01
FDCAN PSR   =00000718
FDCAN RCC   =00000100
FDCAN D2CCIP1R=10000000
CM7_MAGIC=C07C07C7 CM7=232000000 CM4_MAGIC=C04C04C4 CM4=179402
FDCAN RESULT=FDC00001
FDCAN ENDN  =87654321
FDCAN CCCR  =00000080
FDCAN NBTP  =02090C01
FDCAN PSR   =00000718
FDCAN RCC   =00000100
FDCAN D2CCIP1R=10000000
CM7_MAGIC=C07C07C7 CM7=233000000 CM4_MAGIC=C04C04C4 CM4=180175
FDCAN RESULT=FDC00001
FDCAN ENDN  =87654321
FDCAN CCCR  =00000080
FDCAN NBTP  =02090C01
FDCAN PSR   =00000718
FDCAN RCC   =00000100
FDCAN D2CCIP1R=10000000
CM7_MAGIC=C07C07C7 CM7=234000000 CM4_MAGIC=C04C04C4 CM4=180948
FDCAN RESULT=FDC00001
FDCAN ENDN  =87654321
FDCAN CCCR  =00000080
FDCAN NBTP  =02090C01
FDCAN PSR   =00000718
FDCAN RCC   =00000100
FDCAN D2CCIP1R=10000000
CM7_MAGIC=C07C07C7 CM7=235000000 CM4_MAGIC=C04C04C4 CM4=181721
FDCAN RESULT=FDC00001
FDCAN ENDN  =87654321
FDCAN CCCR  =00000080
FDCAN NBTP  =02090C01
FDCAN PSR   =00000718
FDCAN RCC   =00000100
FDCAN D2CCIP1R=10000000
CM7_MAGIC=C07C07C7 CM7=236000000 CM4_MAGIC=C04C04C4 CM4=182494
FDCAN RESULT=FDC00001
FDCAN ENDN  =87654321
FDCAN CCCR  =00000080
FDCAN NBTP  =02090C01
FDCAN PSR   =00000718
FDCAN RCC   =00000100
FDCAN D2CCIP1R=10000000
CM7_MAGIC=C07C07C7 CM7=237000000 CM4_MAGIC=C04C04C4 CM4=183267
FDCAN RESULT=FDC00001
FDCAN ENDN  =87654321
FDCAN CCCR  =00000080
FDCAN NBTP  =02090C01
FDCAN PSR   =00000718
FDCAN RCC   =00000100
FDCAN D2CCIP1R=10000000
CM7_MAGIC=C07C07C7 CM7=238000000 CM4_MAGIC=C04C04C4 CM4=184040
FDCAN RESULT=FDC00001
FDCAN ENDN  =87654321
FDCAN CCCR  =00000080
FDCAN NBTP  =02090C01
FDCAN PSR   =00000718
FDCAN RCC   =00000100
FDCAN D2CCIP1R=10000000
CM7_MAGIC=C07C07C7 CM7=239000000 CM4_MAGIC=C04C04C4 CM4=184814
FDCAN RESULT=FDC00001
FDCAN ENDN  =87654321
FDCAN CCCR  =00000080
FDCAN NBTP  =02090C01
FDCAN PSR   =00000718
FDCAN RCC   =00000100
FDCAN D2CCIP1R=10000000
CM7_MAGIC=C07C07C7 CM7=240000000 CM4_MAGIC=C04C04C4 CM4=185587
FDCAN RESULT=FDC00001
FDCAN ENDN  =87654321
FDCAN CCCR  =00000080
FDCAN NBTP  =02090C01
FDCAN PSR   =00000718
FDCAN RCC   =00000100
FDCAN D2CCIP1R=10000000
CM7_MAGIC=C07C07C7 CM7=241000000 CM4_MAGIC=C04C04C4 CM4=186360
FDCAN RESULT=FDC00001
FDCAN ENDN  =87654321
FDCAN CCCR  =00000080
FDCAN NBTP  =02090C01
FDCAN PSR   =00000718
FDCAN RCC   =00000100
FDCAN D2CCIP1R=10000000
CM7_MAGIC=C07C07C7 CM7=242000000 CM4_MAGIC=C04C04C4 CM4=187133
FDCAN RESULT=FDC00001
FDCAN ENDN  =87654321
FDCAN CCCR  =00000080
FDCAN NBTP  =02090C01
FDCAN PSR   =00000718
FDCAN RCC   =00000100
FDCAN D2CCIP1R=10000000
CM7_MAGIC=C07C07C7 CM7=243000000 CM4_MAGIC=C04C04C4 CM4=187906
FDCAN RESULT=FDC00001
FDCAN ENDN  =87654321
FDCAN CCCR  =00000080
FDCAN NBTP  =02090C01
FDCAN PSR   =00000718
FDCAN RCC   =00000100
FDCAN D2CCIP1R=10000000
CM7_MAGIC=C07C07C7 CM7=244000000 CM4_MAGIC=C04C04C4 CM4=188679
FDCAN RESULT=FDC00001
FDCAN ENDN  =87654321
FDCAN CCCR  =00000080
FDCAN NBTP  =02090C01
FDCAN PSR   =00000718
FDCAN RCC   =00000100
FDCAN D2CCIP1R=10000000
CM7_MAGIC=C07C07C7 CM7=245000000 CM4_MAGIC=C04C04C4 CM4=189452
FDCAN RESULT=FDC00001
FDCAN ENDN  =87654321
FDCAN CCCR  =00000080
FDCAN NBTP  =02090C01
FDCAN PSR   =00000718
FDCAN RCC   =00000100
FDCAN D2CCIP1R=10000000
CM7_MAGIC=C07C07C7 CM7=246000000 CM4_MAGIC=C04C04C4 CM4=190225
FDCAN RESULT=FDC00001
FDCAN ENDN  =87654321
FDCAN CCCR  =00000080
FDCAN NBTP  =02090C01
FDCAN PSR   =00000718
FDCAN RCC   =00000100
FDCAN D2CCIP1R=10000000
CM7_MAGIC=C07C07C7 CM7=247000000 CM4_MAGIC=C04C04C4 CM4=190998
FDCAN RESULT=FDC00001
FDCAN ENDN  =87654321
FDCAN CCCR  =00000080
FDCAN NBTP  =02090C01
FDCAN PSR   =00000718
FDCAN RCC   =00000100
FDCAN D2CCIP1R=10000000
CM7_MAGIC=C07C07C7 CM7=248000000 CM4_MAGIC=C04C04C4 CM4=191771
FDCAN RESULT=FDC00001
FDCAN ENDN  =87654321
FDCAN CCCR  =00000080
FDCAN NBTP  =02090C01
FDCAN PSR   =00000718
FDCAN RCC   =00000100
FDCAN D2CCIP1R=10000000
CM7_MAGIC=C07C07C7 CM7=249000000 CM4_MAGIC=C04C04C4 CM4=192544
FDCAN RESULT=FDC00001
FDCAN ENDN  =87654321
FDCAN CCCR  =00000080
FDCAN NBTP  =02090C01
FDCAN PSR   =00000718
FDCAN RCC   =00000100
FDCAN D2CCIP1R=10000000
CM7_MAGIC=C07C07C7 CM7=250000000 CM4_MAGIC=C04C04C4 CM4=193317
FDCAN RESULT=FDC00001
FDCAN ENDN  =87654321
FDCAN CCCR  =00000080
FDCAN NBTP  =02090C01
FDCAN PSR   =00000718
FDCAN RCC   =00000100
FDCAN D2CCIP1R=10000000
CM7_MAGIC=C07C07C7 CM7=251000000 CM4_MAGIC=C04C04C4 CM4=194090
FDCAN RESULT=FDC00001
FDCAN ENDN  =87654321
FDCAN CCCR  =00000080
FDCAN NBTP  =02090C01
FDCAN PSR   =00000718
FDCAN RCC   =00000100
FDCAN D2CCIP1R=10000000
CM7_MAGIC=C07C07C7 CM7=252000000 CM4_MAGIC=C04C04C4 CM4=194863
FDCAN RESULT=FDC00001
FDCAN ENDN  =87654321
FDCAN CCCR  =00000080
FDCAN NBTP  =02090C01
FDCAN PSR   =00000718
FDCAN RCC   =00000100
FDCAN D2CCIP1R=10000000
CM7_MAGIC=C07C07C7 CM7=253000000 CM4_MAGIC=C04C04C4 CM4=195636
FDCAN RESULT=FDC00001
FDCAN ENDN  =87654321
FDCAN CCCR  =00000080
FDCAN NBTP  =02090C01
FDCAN PSR   =00000718
FDCAN RCC   =00000100
FDCAN D2CCIP1R=10000000
CM7_MAGIC=C07C07C7 CM7=254000000 CM4_MAGIC=C04C04C4 CM4=196409
FDCAN RESULT=FDC00001
FDCAN ENDN  =87654321
FDCAN CCCR  =00000080
FDCAN NBTP  =02090C01
FDCAN PSR   =00000718
FDCAN RCC   =00000100
FDCAN D2CCIP1R=10000000
CM7_MAGIC=C07C07C7 CM7=255000000 CM4_MAGIC=C04C04C4 CM4=197182
FDCAN RESULT=FDC00001
FDCAN ENDN  =87654321
FDCAN CCCR  =00000080
FDCAN NBTP  =02090C01
FDCAN PSR   =00000718
FDCAN RCC   =00000100
FDCAN D2CCIP1R=10000000
CM7_MAGIC=C07C07C7 CM7=256000000 CM4_MAGIC=C04C04C4 CM4=197955
FDCAN RESULT=FDC00001
FDCAN ENDN  =87654321
FDCAN CCCR  =00000080
FDCAN NBTP  =02090C01
FDCAN PSR   =00000718
FDCAN RCC   =00000100
FDCAN D2CCIP1R=10000000
CM7_MAGIC=C07C07C7 CM7=257000000 CM4_MAGIC=C04C04C4 CM4=198728
FDCAN RESULT=FDC00001
FDCAN ENDN  =87654321
FDCAN CCCR  =00000080
FDCAN NBTP  =02090C01
FDCAN PSR   =00000718
FDCAN RCC   =00000100
FDCAN D2CCIP1R=10000000
CM7_MAGIC=C07C07C7 CM7=258000000 CM4_MAGIC=C04C04C4 CM4=199501
FDCAN RESULT=FDC00001
FDCAN ENDN  =87654321
FDCAN CCCR  =00000080
FDCAN NBTP  =02090C01
FDCAN PSR   =00000718
FDCAN RCC   =00000100
FDCAN D2CCIP1R=10000000
CM7_MAGIC=C07C07C7 CM7=259000000 CM4_MAGIC=C04C04C4 CM4=200274
FDCAN RESULT=FDC00001
FDCAN ENDN  =87654321
FDCAN CCCR  =00000080
FDCAN NBTP  =02090C01
FDCAN PSR   =00000718
FDCAN RCC   =00000100
FDCAN D2CCIP1R=10000000
CM7_MAGIC=C07C07C7 CM7=260000000 CM4_MAGIC=C04C04C4 CM4=201047
FDCAN RESULT=FDC00001
FDCAN ENDN  =87654321
FDCAN CCCR  =00000080
FDCAN NBTP  =02090C01
FDCAN PSR   =00000718
FDCAN RCC   =00000100
FDCAN D2CCIP1R=10000000
CM7_MAGIC=C07C07C7 CM7=261000000 CM4_MAGIC=C04C04C4 CM4=201820
FDCAN RESULT=FDC00001
FDCAN ENDN  =87654321
FDCAN CCCR  =00000080
FDCAN NBTP  =02090C01
FDCAN PSR   =00000718
FDCAN RCC   =00000100
FDCAN D2CCIP1R=10000000
CM7_MAGIC=C07C07C7 CM7=262000000 CM4_MAGIC=C04C04C4 CM4=202593
FDCAN RESULT=FDC00001
FDCAN ENDN  =87654321
FDCAN CCCR  =00000080
FDCAN NBTP  =02090C01
FDCAN PSR   =00000718
FDCAN RCC   =00000100
FDCAN D2CCIP1R=10000000
CM7_MAGIC=C07C07C7 CM7=263000000 CM4_MAGIC=C04C04C4 CM4=203366
FDCAN RESULT=FDC00001
FDCAN ENDN  =87654321
FDCAN CCCR  =00000080
FDCAN NBTP  =02090C01
FDCAN PSR   =00000718
FDCAN RCC   =00000100
FDCAN D2CCIP1R=10000000
CM7_MAGIC=C07C07C7 CM7=264000000 CM4_MAGIC=C04C04C4 CM4=204139
FDCAN RESULT=FDC00001
FDCAN ENDN  =87654321
FDCAN CCCR  =00000080
FDCAN NBTP  =02090C01
FDCAN PSR   =00000718
FDCAN RCC   =00000100
FDCAN D2CCIP1R=10000000
CM7_MAGIC=C07C07C7 CM7=265000000 CM4_MAGIC=C04C04C4 CM4=204912
FDCAN RESULT=FDC00001
FDCAN ENDN  =87654321
FDCAN CCCR  =00000080
FDCAN NBTP  =02090C01
FDCAN PSR   =00000718
FDCAN RCC   =00000100
FDCAN D2CCIP1R=10000000
CM7_MAGIC=C07C07C7 CM7=266000000 CM4_MAGIC=C04C04C4 CM4=205685
FDCAN RESULT=FDC00001
FDCAN ENDN  =87654321
FDCAN CCCR  =00000080
FDCAN NBTP  =02090C01
FDCAN PSR   =00000718
FDCAN RCC   =00000100
FDCAN D2CCIP1R=10000000
CM7_MAGIC=C07C07C7 CM7=267000000 CM4_MAGIC=C04C04C4 CM4=206459
FDCAN RESULT=FDC00001
FDCAN ENDN  =87654321
FDCAN CCCR  =00000080
FDCAN NBTP  =02090C01
FDCAN PSR   =00000718
FDCAN RCC   =00000100
FDCAN D2CCIP1R=10000000
CM7_MAGIC=C07C07C7 CM7=268000000 CM4_MAGIC=C04C04C4 CM4=207232
FDCAN RESULT=FDC00001
FDCAN ENDN  =87654321
FDCAN CCCR  =00000080
FDCAN NBTP  =02090C01
FDCAN PSR   =00000718
FDCAN RCC   =00000100
FDCAN D2CCIP1R=10000000
CM7_MAGIC=C07C07C7 CM7=269000000 CM4_MAGIC=C04C04C4 CM4=208005
FDCAN RESULT=FDC00001
FDCAN ENDN  =87654321
FDCAN CCCR  =00000080
FDCAN NBTP  =02090C01
FDCAN PSR   =00000718
FDCAN RCC   =00000100
FDCAN D2CCIP1R=10000000
CM7_MAGIC=C07C07C7 CM7=270000000 CM4_MAGIC=C04C04C4 CM4=208778
FDCAN RESULT=FDC00001
FDCAN ENDN  =87654321
FDCAN CCCR  =00000080
FDCAN NBTP  =02090C01
FDCAN PSR   =00000718
FDCAN RCC   =00000100
FDCAN D2CCIP1R=10000000
CM7_MAGIC=C07C07C7 CM7=271000000 CM4_MAGIC=C04C04C4 CM4=209551
FDCAN RESULT=FDC00001
FDCAN ENDN  =87654321
FDCAN CCCR  =00000080
FDCAN NBTP  =02090C01
FDCAN PSR   =00000718
FDCAN RCC   =00000100
FDCAN D2CCIP1R=10000000
CM7_MAGIC=C07C07C7 CM7=272000000 CM4_MAGIC=C04C04C4 CM4=210324
FDCAN RESULT=FDC00001
FDCAN ENDN  =87654321
FDCAN CCCR  =00000080
FDCAN NBTP  =02090C01
FDCAN PSR   =00000718
FDCAN RCC   =00000100
FDCAN D2CCIP1R=10000000
CM7_MAGIC=C07C07C7 CM7=273000000 CM4_MAGIC=C04C04C4 CM4=211097
FDCAN RESULT=FDC00001
FDCAN ENDN  =87654321
FDCAN CCCR  =00000080
FDCAN NBTP  =02090C01
FDCAN PSR   =00000718
FDCAN RCC   =00000100
FDCAN D2CCIP1R=10000000
CM7_MAGIC=C07C07C7 CM7=274000000 CM4_MAGIC=C04C04C4 CM4=211870
FDCAN RESULT=FDC00001
FDCAN ENDN  =87654321
FDCAN CCCR  =00000080
FDCAN NBTP  =02090C01
FDCAN PSR   =00000718
FDCAN RCC   =00000100
FDCAN D2CCIP1R=10000000
CM7_MAGIC=C07C07C7 CM7=275000000 CM4_MAGIC=C04C04C4 CM4=212643
FDCAN RESULT=FDC00001
FDCAN ENDN  =87654321
FDCAN CCCR  =00000080
FDCAN NBTP  =02090C01
FDCAN PSR   =00000718
FDCAN RCC   =00000100
FDCAN D2CCIP1R=10000000
CM7_MAGIC=C07C07C7 CM7=276000000 CM4_MAGIC=C04C04C4 CM4=213416
FDCAN RESULT=FDC00001
FDCAN ENDN  =87654321
FDCAN CCCR  =00000080
FDCAN NBTP  =02090C01
FDCAN PSR   =00000718
FDCAN RCC   =00000100
FDCAN D2CCIP1R=10000000
CM7_MAGIC=C07C07C7 CM7=277000000 CM4_MAGIC=C04C04C4 CM4=214189
FDCAN RESULT=FDC00001
FDCAN ENDN  =87654321
FDCAN CCCR  =00000080
FDCAN NBTP  =02090C01
FDCAN PSR   =00000718
FDCAN RCC   =00000100
FDCAN D2CCIP1R=10000000
CM7_MAGIC=C07C07C7 CM7=278000000 CM4_MAGIC=C04C04C4 CM4=214962
FDCAN RESULT=FDC00001
FDCAN ENDN  =87654321
FDCAN CCCR  =00000080
FDCAN NBTP  =02090C01
FDCAN PSR   =00000718
FDCAN RCC   =00000100
FDCAN D2CCIP1R=10000000
CM7_MAGIC=C07C07C7 CM7=279000000 CM4_MAGIC=C04C04C4 CM4=215735
FDCAN RESULT=FDC00001
FDCAN ENDN  =87654321
FDCAN CCCR  =00000080
FDCAN NBTP  =02090C01
FDCAN PSR   =00000718
FDCAN RCC   =00000100
FDCAN D2CCIP1R=10000000
CM7_MAGIC=C07C07C7 CM7=280000000 CM4_MAGIC=C04C04C4 CM4=216508
FDCAN RESULT=FDC00001
FDCAN ENDN  =87654321
FDCAN CCCR  =00000080
FDCAN NBTP  =02090C01
FDCAN PSR   =00000718
FDCAN RCC   =00000100
FDCAN D2CCIP1R=10000000
CM7_MAGIC=C07C07C7 CM7=281000000 CM4_MAGIC=C04C04C4 CM4=217281
FDCAN RESULT=FDC00001
FDCAN ENDN  =87654321
FDCAN CCCR  =00000080
FDCAN NBTP  =02090C01
FDCAN PSR   =00000718
FDCAN RCC   =00000100
FDCAN D2CCIP1R=10000000
CM7_MAGIC=C07C07C7 CM7=282000000 CM4_MAGIC=C04C04C4 CM4=218054
FDCAN RESULT=FDC00001
FDCAN ENDN  =87654321
FDCAN CCCR  =00000080
FDCAN NBTP  =02090C01
FDCAN PSR   =00000718
FDCAN RCC   =00000100
FDCAN D2CCIP1R=10000000
CM7_MAGIC=C07C07C7 CM7=283000000 CM4_MAGIC=C04C04C4 CM4=218827
FDCAN RESULT=FDC00001
FDCAN ENDN  =87654321
FDCAN CCCR  =00000080
FDCAN NBTP  =02090C01
FDCAN PSR   =00000718
FDCAN RCC   =00000100
FDCAN D2CCIP1R=10000000
CM7_MAGIC=C07C07C7 CM7=284000000 CM4_MAGIC=C04C04C4 CM4=219600
FDCAN RESULT=FDC00001
FDCAN ENDN  =87654321
FDCAN CCCR  =00000080
FDCAN NBTP  =02090C01
FDCAN PSR   =00000718
FDCAN RCC   =00000100
FDCAN D2CCIP1R=10000000
CM7_MAGIC=C07C07C7 CM7=285000000 CM4_MAGIC=C04C04C4 CM4=220373
FDCAN RESULT=FDC00001
FDCAN ENDN  =87654321
FDCAN CCCR  =00000080
FDCAN NBTP  =02090C01
FDCAN PSR   =00000718
FDCAN RCC   =00000100
FDCAN D2CCIP1R=10000000
CM7_MAGIC=C07C07C7 CM7=286000000 CM4_MAGIC=C04C04C4 CM4=221146
FDCAN RESULT=FDC00001
FDCAN ENDN  =87654321
FDCAN CCCR  =00000080
FDCAN NBTP  =02090C01
FDCAN PSR   =00000718
FDCAN RCC   =00000100
FDCAN D2CCIP1R=10000000
CM7_MAGIC=C07C07C7 CM7=287000000 CM4_MAGIC=C04C04C4 CM4=221919
FDCAN RESULT=FDC00001
FDCAN ENDN  =87654321
FDCAN CCCR  =00000080
FDCAN NBTP  =02090C01
FDCAN PSR   =00000718
FDCAN RCC   =00000100
FDCAN D2CCIP1R=10000000
CM7_MAGIC=C07C07C7 CM7=288000000 CM4_MAGIC=C04C04C4 CM4=222692
FDCAN RESULT=FDC00001
FDCAN ENDN  =87654321
FDCAN CCCR  =00000080
FDCAN NBTP  =02090C01
FDCAN PSR   =00000718
FDCAN RCC   =00000100
FDCAN D2CCIP1R=10000000
CM7_MAGIC=C07C07C7 CM7=289000000 CM4_MAGIC=C04C04C4 CM4=223465
FDCAN RESULT=FDC00001
FDCAN ENDN  =87654321
FDCAN CCCR  =00000080
FDCAN NBTP  =02090C01
FDCAN PSR   =00000718
FDCAN RCC   =00000100
FDCAN D2CCIP1R=10000000
CM7_MAGIC=C07C07C7 CM7=290000000 CM4_MAGIC=C04C04C4 CM4=224238
FDCAN RESULT=FDC00001
FDCAN ENDN  =87654321
FDCAN CCCR  =00000080
FDCAN NBTP  =02090C01
FDCAN PSR   =00000718
FDCAN RCC   =00000100
FDCAN D2CCIP1R=10000000
CM7_MAGIC=C07C07C7 CM7=291000000 CM4_MAGIC=C04C04C4 CM4=225011
FDCAN RESULT=FDC00001
FDCAN ENDN  =87654321
FDCAN CCCR  =00000080
FDCAN NBTP  =02090C01
FDCAN PSR   =00000718
FDCAN RCC   =00000100
FDCAN D2CCIP1R=10000000
CM7_MAGIC=C07C07C7 CM7=292000000 CM4_MAGIC=C04C04C4 CM4=225784
FDCAN RESULT=FDC00001
FDCAN ENDN  =87654321
FDCAN CCCR  =00000080
FDCAN NBTP  =02090C01
FDCAN PSR   =00000718
FDCAN RCC   =00000100
FDCAN D2CCIP1R=10000000
CM7_MAGIC=C07C07C7 CM7=293000000 CM4_MAGIC=C04C04C4 CM4=226557
FDCAN RESULT=FDC00001
FDCAN ENDN  =87654321
FDCAN CCCR  =00000080
FDCAN NBTP  =02090C01
FDCAN PSR   =00000718
FDCAN RCC   =00000100
FDCAN D2CCIP1R=10000000
CM7_MAGIC=C07C07C7 CM7=294000000 CM4_MAGIC=C04C04C4 CM4=227330
FDCAN RESULT=FDC00001
FDCAN ENDN  =87654321
FDCAN CCCR  =00000080
FDCAN NBTP  =02090C01
FDCAN PSR   =00000718
FDCAN RCC   =00000100
FDCAN D2CCIP1R=10000000
CM7_MAGIC=C07C07C7 CM7=295000000 CM4_MAGIC=C04C04C4 CM4=228104
FDCAN RESULT=FDC00001
FDCAN ENDN  =87654321
FDCAN CCCR  =00000080
FDCAN NBTP  =02090C01
FDCAN PSR   =00000718
FDCAN RCC   =00000100
FDCAN D2CCIP1R=10000000
CM7_MAGIC=C07C07C7 CM7=296000000 CM4_MAGIC=C04C04C4 CM4=228877
FDCAN RESULT=FDC00001
FDCAN ENDN  =87654321
FDCAN CCCR  =00000080
FDCAN NBTP  =02090C01
FDCAN PSR   =00000718
FDCAN RCC   =00000100
FDCAN D2CCIP1R=10000000
CM7_MAGIC=C07C07C7 CM7=297000000 CM4_MAGIC=C04C04C4 CM4=229650
FDCAN RESULT=FDC00001
FDCAN ENDN  =87654321
FDCAN CCCR  =00000080
FDCAN NBTP  =02090C01
FDCAN PSR   =00000718
FDCAN RCC   =00000100
FDCAN D2CCIP1R=10000000
CM7_MAGIC=C07C07C7 CM7=298000000 CM4_MAGIC=C04C04C4 CM4=230423
FDCAN RESULT=FDC00001
FDCAN ENDN  =87654321
FDCAN CCCR  =00000080
FDCAN NBTP  =02090C01
FDCAN PSR   =00000718
FDCAN RCC   =00000100
FDCAN D2CCIP1R=10000000
CM7_MAGIC=C07C07C7 CM7=299000000 CM4_MAGIC=C04C04C4 CM4=231196
FDCAN RESULT=FDC00001
FDCAN ENDN  =87654321
FDCAN CCCR  =00000080
FDCAN NBTP  =02090C01
FDCAN PSR   =00000718
FDCAN RCC   =00000100
FDCAN D2CCIP1R=10000000
CM7_MAGIC=C07C07C7 CM7=300000000 CM4_MAGIC=C04C04C4 CM4=231969
FDCAN RESULT=FDC00001
FDCAN ENDN  =87654321
FDCAN CCCR  =00000080
FDCAN NBTP  =02090C01
FDCAN PSR   =00000718
FDCAN RCC   =00000100
FDCAN D2CCIP1R=10000000
CM7_MAGIC=C07C07C7 CM7=301000000 CM4_MAGIC=C04C04C4 CM4=232742
FDCAN RESULT=FDC00001
FDCAN ENDN  =87654321
FDCAN CCCR  =00000080
FDCAN NBTP  =02090C01
FDCAN PSR   =00000718
FDCAN RCC   =00000100
FDCAN D2CCIP1R=10000000
CM7_MAGIC=C07C07C7 CM7=302000000 CM4_MAGIC=C04C04C4 CM4=233515
FDCAN RESULT=FDC00001
FDCAN ENDN  =87654321
FDCAN CCCR  =00000080
FDCAN NBTP  =02090C01
FDCAN PSR   =00000718
FDCAN RCC   =00000100
FDCAN D2CCIP1R=10000000
CM7_MAGIC=C07C07C7 CM7=303000000 CM4_MAGIC=C04C04C4 CM4=234288
FDCAN RESULT=FDC00001
FDCAN ENDN  =87654321
FDCAN CCCR  =00000080
FDCAN NBTP  =02090C01
FDCAN PSR   =00000718
FDCAN RCC   =00000100
FDCAN D2CCIP1R=10000000
CM7_MAGIC=C07C07C7 CM7=304000000 CM4_MAGIC=C04C04C4 CM4=235061
FDCAN RESULT=FDC00001
FDCAN ENDN  =87654321
FDCAN CCCR  =00000080
FDCAN NBTP  =02090C01
FDCAN PSR   =00000718
FDCAN RCC   =00000100
FDCAN D2CCIP1R=10000000
CM7_MAGIC=C07C07C7 CM7=305000000 CM4_MAGIC=C04C04C4 CM4=235834
FDCAN RESULT=FDC00001
FDCAN ENDN  =87654321
FDCAN CCCR  =00000080
FDCAN NBTP  =02090C01
FDCAN PSR   =00000718
FDCAN RCC   =00000100
FDCAN D2CCIP1R=10000000
CM7_MAGIC=C07C07C7 CM7=306000000 CM4_MAGIC=C04C04C4 CM4=236607
FDCAN RESULT=FDC00001
FDCAN ENDN  =87654321
FDCAN CCCR  =00000080
FDCAN NBTP  =02090C01
FDCAN PSR   =00000718
FDCAN RCC   =00000100
FDCAN D2CCIP1R=10000000
CM7_MAGIC=C07C07C7 CM7=307000000 CM4_MAGIC=C04C04C4 CM4=237380
FDCAN RESULT=FDC00001
FDCAN ENDN  =87654321
FDCAN CCCR  =00000080
FDCAN NBTP  =02090C01
FDCAN PSR   =00000718
FDCAN RCC   =00000100
FDCAN D2CCIP1R=10000000
CM7_MAGIC=C07C07C7 CM7=308000000 CM4_MAGIC=C04C04C4 CM4=238153
FDCAN RESULT=FDC00001
FDCAN ENDN  =87654321
FDCAN CCCR  =00000080
FDCAN NBTP  =02090C01
FDCAN PSR   =00000718
FDCAN RCC   =00000100
FDCAN D2CCIP1R=10000000
CM7_MAGIC=C07C07C7 CM7=309000000 CM4_MAGIC=C04C04C4 CM4=238926
FDCAN RESULT=FDC00001
FDCAN ENDN  =87654321
FDCAN CCCR  =00000080
FDCAN NBTP  =02090C01
FDCAN PSR   =00000718
FDCAN RCC   =00000100
FDCAN D2CCIP1R=10000000
CM7_MAGIC=C07C07C7 CM7=310000000 CM4_MAGIC=C04C04C4 CM4=239699
FDCAN RESULT=FDC00001
FDCAN ENDN  =87654321
FDCAN CCCR  =00000080
FDCAN NBTP  =02090C01
FDCAN PSR   =00000718
FDCAN RCC   =00000100
FDCAN D2CCIP1R=10000000
CM7_MAGIC=C07C07C7 CM7=311000000 CM4_MAGIC=C04C04C4 CM4=240472
FDCAN RESULT=FDC00001
FDCAN ENDN  =87654321
FDCAN CCCR  =00000080
FDCAN NBTP  =02090C01
FDCAN PSR   =00000718
FDCAN RCC   =00000100
FDCAN D2CCIP1R=10000000
CM7_MAGIC=C07C07C7 CM7=312000000 CM4_MAGIC=C04C04C4 CM4=241245
FDCAN RESULT=FDC00001
FDCAN ENDN  =87654321
FDCAN CCCR  =00000080
FDCAN NBTP  =02090C01
FDCAN PSR   =00000718
FDCAN RCC   =00000100
FDCAN D2CCIP1R=10000000
CM7_MAGIC=C07C07C7 CM7=313000000 CM4_MAGIC=C04C04C4 CM4=242018
FDCAN RESULT=FDC00001
FDCAN ENDN  =87654321
FDCAN CCCR  =00000080
FDCAN NBTP  =02090C01
FDCAN PSR   =00000718
FDCAN RCC   =00000100
FDCAN D2CCIP1R=10000000
CM7_MAGIC=C07C07C7 CM7=314000000 CM4_MAGIC=C04C04C4 CM4=242791
FDCAN RESULT=FDC00001
FDCAN ENDN  =87654321
FDCAN CCCR  =00000080
FDCAN NBTP  =02090C01
FDCAN PSR   =00000718
FDCAN RCC   =00000100
FDCAN D2CCIP1R=10000000
CM7_MAGIC=C07C07C7 CM7=315000000 CM4_MAGIC=C04C04C4 CM4=243564
FDCAN RESULT=FDC00001
FDCAN ENDN  =87654321
FDCAN CCCR  =00000080
FDCAN NBTP  =02090C01
FDCAN PSR   =00000718
FDCAN RCC   =00000100
FDCAN D2CCIP1R=10000000
CM7_MAGIC=C07C07C7 CM7=316000000 CM4_MAGIC=C04C04C4 CM4=244337
FDCAN RESULT=FDC00001
FDCAN ENDN  =87654321
FDCAN CCCR  =00000080
FDCAN NBTP  =02090C01
FDCAN PSR   =00000718
FDCAN RCC   =00000100
FDCAN D2CCIP1R=10000000
CM7_MAGIC=C07C07C7 CM7=317000000 CM4_MAGIC=C04C04C4 CM4=245110
FDCAN RESULT=FDC00001
FDCAN ENDN  =87654321
FDCAN CCCR  =00000080
FDCAN NBTP  =02090C01
FDCAN PSR   =00000718
FDCAN RCC   =00000100
FDCAN D2CCIP1R=10000000
CM7_MAGIC=C07C07C7 CM7=318000000 CM4_MAGIC=C04C04C4 CM4=245883
FDCAN RESULT=FDC00001
FDCAN ENDN  =87654321
FDCAN CCCR  =00000080
FDCAN NBTP  =02090C01
FDCAN PSR   =00000718
FDCAN RCC   =00000100
FDCAN D2CCIP1R=10000000
CM7_MAGIC=C07C07C7 CM7=319000000 CM4_MAGIC=C04C04C4 CM4=246656
FDCAN RESULT=FDC00001
FDCAN ENDN  =87654321
FDCAN CCCR  =00000080
FDCAN NBTP  =02090C01
FDCAN PSR   =00000718
FDCAN RCC   =00000100
FDCAN D2CCIP1R=10000000
CM7_MAGIC=C07C07C7 CM7=320000000 CM4_MAGIC=C04C04C4 CM4=247429
FDCAN RESULT=FDC00001
FDCAN ENDN  =87654321
FDCAN CCCR  =00000080
FDCAN NBTP  =02090C01
FDCAN PSR   =00000718
FDCAN RCC   =00000100
FDCAN D2CCIP1R=10000000
CM7_MAGIC=C07C07C7 CM7=321000000 CM4_MAGIC=C04C04C4 CM4=248202
FDCAN RESULT=FDC00001
FDCAN ENDN  =87654321
FDCAN CCCR  =00000080
FDCAN NBTP  =02090C01
FDCAN PSR   =00000718
FDCAN RCC   =00000100
FDCAN D2CCIP1R=10000000
CM7_MAGIC=C07C07C7 CM7=322000000 CM4_MAGIC=C04C04C4 CM4=248975
FDCAN RESULT=FDC00001
FDCAN ENDN  =87654321
FDCAN CCCR  =00000080
FDCAN NBTP  =02090C01
FDCAN PSR   =00000718
FDCAN RCC   =00000100
FDCAN D2CCIP1R=10000000
CM7_MAGIC=C07C07C7 CM7=323000000 CM4_MAGIC=C04C04C4 CM4=249748
FDCAN RESULT=FDC00001
FDCAN ENDN  =87654321
FDCAN CCCR  =00000080
FDCAN NBTP  =02090C01
FDCAN PSR   =00000718
FDCAN RCC   =00000100
FDCAN D2CCIP1R=10000000
CM7_MAGIC=C07C07C7 CM7=324000000 CM4_MAGIC=C04C04C4 CM4=250521
FDCAN RESULT=FDC00001
FDCAN ENDN  =87654321
FDCAN CCCR  =00000080
FDCAN NBTP  =02090C01
FDCAN PSR   =00000718
FDCAN RCC   =00000100
FDCAN D2CCIP1R=10000000
CM7_MAGIC=C07C07C7 CM7=325000000 CM4_MAGIC=C04C04C4 CM4=251295
FDCAN RESULT=FDC00001
FDCAN ENDN  =87654321
FDCAN CCCR  =00000080
FDCAN NBTP  =02090C01
FDCAN PSR   =00000718
FDCAN RCC   =00000100
FDCAN D2CCIP1R=10000000
CM7_MAGIC=C07C07C7 CM7=326000000 CM4_MAGIC=C04C04C4 CM4=252068
FDCAN RESULT=FDC00001
FDCAN ENDN  =87654321
FDCAN CCCR  =00000080
FDCAN NBTP  =02090C01
FDCAN PSR   =00000718
FDCAN RCC   =00000100
FDCAN D2CCIP1R=10000000
CM7_MAGIC=C07C07C7 CM7=327000000 CM4_MAGIC=C04C04C4 CM4=252841
FDCAN RESULT=FDC00001
FDCAN ENDN  =87654321
FDCAN CCCR  =00000080
FDCAN NBTP  =02090C01
FDCAN PSR   =00000718
FDCAN RCC   =00000100
FDCAN D2CCIP1R=10000000
CM7_MAGIC=C07C07C7 CM7=328000000 CM4_MAGIC=C04C04C4 CM4=253614
FDCAN RESULT=FDC00001
FDCAN ENDN  =87654321
FDCAN CCCR  =00000080
FDCAN NBTP  =02090C01
FDCAN PSR   =00000718
FDCAN RCC   =00000100
FDCAN D2CCIP1R=10000000
CM7_MAGIC=C07C07C7 CM7=329000000 CM4_MAGIC=C04C04C4 CM4=254387
FDCAN RESULT=FDC00001
FDCAN ENDN  =87654321
FDCAN CCCR  =00000080
FDCAN NBTP  =02090C01
FDCAN PSR   =00000718
FDCAN RCC   =00000100
FDCAN D2CCIP1R=10000000
CM7_MAGIC=C07C07C7 CM7=330000000 CM4_MAGIC=C04C04C4 CM4=255160
FDCAN RESULT=FDC00001
FDCAN ENDN  =87654321
FDCAN CCCR  =00000080
FDCAN NBTP  =02090C01
FDCAN PSR   =00000718
FDCAN RCC   =00000100
FDCAN D2CCIP1R=10000000
CM7_MAGIC=C07C07C7 CM7=331000000 CM4_MAGIC=C04C04C4 CM4=255933
FDCAN RESULT=FDC00001
FDCAN ENDN  =87654321
FDCAN CCCR  =00000080
FDCAN NBTP  =02090C01
FDCAN PSR   =00000718
FDCAN RCC   =00000100
FDCAN D2CCIP1R=10000000
CM7_MAGIC=C07C07C7 CM7=332000000 CM4_MAGIC=C04C04C4 CM4=256706
FDCAN RESULT=FDC00001
FDCAN ENDN  =87654321
FDCAN CCCR  =00000080
FDCAN NBTP  =02090C01
FDCAN PSR   =00000718
FDCAN RCC   =00000100
FDCAN D2CCIP1R=10000000
CM7_MAGIC=C07C07C7 CM7=333000000 CM4_MAGIC=C04C04C4 CM4=257479
FDCAN RESULT=FDC00001
FDCAN ENDN  =87654321
FDCAN CCCR  =00000080
FDCAN NBTP  =02090C01
FDCAN PSR   =00000718
FDCAN RCC   =00000100
FDCAN D2CCIP1R=10000000
CM7_MAGIC=C07C07C7 CM7=334000000 CM4_MAGIC=C04C04C4 CM4=258252
FDCAN RESULT=FDC00001
FDCAN ENDN  =87654321
FDCAN CCCR  =00000080
FDCAN NBTP  =02090C01
FDCAN PSR   =00000718
FDCAN RCC   =00000100
FDCAN D2CCIP1R=10000000
CM7_MAGIC=C07C07C7 CM7=335000000 CM4_MAGIC=C04C04C4 CM4=259025
FDCAN RESULT=FDC00001
FDCAN ENDN  =87654321
FDCAN CCCR  =00000080
FDCAN NBTP  =02090C01
FDCAN PSR   =00000718
FDCAN RCC   =00000100
FDCAN D2CCIP1R=10000000
CM7_MAGIC=C07C07C7 CM7=336000000 CM4_MAGIC=C04C04C4 CM4=259798
FDCAN RESULT=FDC00001
FDCAN ENDN  =87654321
FDCAN CCCR  =00000080
FDCAN NBTP  =02090C01
FDCAN PSR   =00000718
FDCAN RCC   =00000100
FDCAN D2CCIP1R=10000000
CM7_MAGIC=C07C07C7 CM7=337000000 CM4_MAGIC=C04C04C4 CM4=260571
FDCAN RESULT=FDC00001
FDCAN ENDN  =87654321
FDCAN CCCR  =00000080
FDCAN NBTP  =02090C01
FDCAN PSR   =00000718
FDCAN RCC   =00000100
FDCAN D2CCIP1R=10000000
CM7_MAGIC=C07C07C7 CM7=338000000 CM4_MAGIC=C04C04C4 CM4=261344
FDCAN RESULT=FDC00001
FDCAN ENDN  =87654321
FDCAN CCCR  =00000080
FDCAN NBTP  =02090C01
FDCAN PSR   =00000718
FDCAN RCC   =00000100
FDCAN D2CCIP1R=10000000
CM7_MAGIC=C07C07C7 CM7=339000000 CM4_MAGIC=C04C04C4 CM4=262117
FDCAN RESULT=FDC00001
FDCAN ENDN  =87654321
FDCAN CCCR  =00000080
FDCAN NBTP  =02090C01
FDCAN PSR   =00000718
FDCAN RCC   =00000100
FDCAN D2CCIP1R=10000000
CM7_MAGIC=C07C07C7 CM7=340000000 CM4_MAGIC=C04C04C4 CM4=262890
FDCAN RESULT=FDC00001
FDCAN ENDN  =87654321
FDCAN CCCR  =00000080
FDCAN NBTP  =02090C01
FDCAN PSR   =00000718
FDCAN RCC   =00000100
FDCAN D2CCIP1R=10000000
CM7_MAGIC=C07C07C7 CM7=341000000 CM4_MAGIC=C04C04C4 CM4=263663
FDCAN RESULT=FDC00001
FDCAN ENDN  =87654321
FDCAN CCCR  =00000080
FDCAN NBTP  =02090C01
FDCAN PSR   =00000718
FDCAN RCC   =00000100
FDCAN D2CCIP1R=10000000
CM7_MAGIC=C07C07C7 CM7=342000000 CM4_MAGIC=C04C04C4 CM4=264436
FDCAN RESULT=FDC00001
FDCAN ENDN  =87654321
FDCAN CCCR  =00000080
FDCAN NBTP  =02090C01
FDCAN PSR   =00000718
FDCAN RCC   =00000100
FDCAN D2CCIP1R=10000000
CM7_MAGIC=C07C07C7 CM7=343000000 CM4_MAGIC=C04C04C4 CM4=265209
FDCAN RESULT=FDC00001
FDCAN ENDN  =87654321
FDCAN CCCR  =00000080
FDCAN NBTP  =02090C01
FDCAN PSR   =00000718
FDCAN RCC   =00000100
FDCAN D2CCIP1R=10000000
CM7_MAGIC=C07C07C7 CM7=344000000 CM4_MAGIC=C04C04C4 CM4=265982
FDCAN RESULT=FDC00001
FDCAN ENDN  =87654321
FDCAN CCCR  =00000080
FDCAN NBTP  =02090C01
FDCAN PSR   =00000718
FDCAN RCC   =00000100
FDCAN D2CCIP1R=10000000
CM7_MAGIC=C07C07C7 CM7=345000000 CM4_MAGIC=C04C04C4 CM4=266755
FDCAN RESULT=FDC00001
FDCAN ENDN  =87654321
FDCAN CCCR  =00000080
FDCAN NBTP  =02090C01
FDCAN PSR   =00000718
FDCAN RCC   =00000100
FDCAN D2CCIP1R=10000000
CM7_MAGIC=C07C07C7 CM7=346000000 CM4_MAGIC=C04C04C4 CM4=267528
FDCAN RESULT=FDC00001
FDCAN ENDN  =87654321
FDCAN CCCR  =00000080
FDCAN NBTP  =02090C01
FDCAN PSR   =00000718
FDCAN RCC   =00000100
FDCAN D2CCIP1R=10000000
CM7_MAGIC=C07C07C7 CM7=347000000 CM4_MAGIC=C04C04C4 CM4=268301
FDCAN RESULT=FDC00001
FDCAN ENDN  =87654321
FDCAN CCCR  =00000080
FDCAN NBTP  =02090C01
FDCAN PSR   =00000718
FDCAN RCC   =00000100
FDCAN D2CCIP1R=10000000
CM7_MAGIC=C07C07C7 CM7=348000000 CM4_MAGIC=C04C04C4 CM4=269074
FDCAN RESULT=FDC00001
FDCAN ENDN  =87654321
FDCAN CCCR  =00000080
FDCAN NBTP  =02090C01
FDCAN PSR   =00000718
FDCAN RCC   =00000100
FDCAN D2CCIP1R=10000000
CM7_MAGIC=C07C07C7 CM7=349000000 CM4_MAGIC=C04C04C4 CM4=269847
FDCAN RESULT=FDC00001
FDCAN ENDN  =87654321
FDCAN CCCR  =00000080
FDCAN NBTP  =02090C01
FDCAN PSR   =00000718
FDCAN RCC   =00000100
FDCAN D2CCIP1R=10000000
CM7_MAGIC=C07C07C7 CM7=350000000 CM4_MAGIC=C04C04C4 CM4=270620
FDCAN RESULT=FDC00001
FDCAN ENDN  =87654321
FDCAN CCCR  =00000080
FDCAN NBTP  =02090C01
FDCAN PSR   =00000718
FDCAN RCC   =00000100
FDCAN D2CCIP1R=10000000
CM7_MAGIC=C07C07C7 CM7=351000000 CM4_MAGIC=C04C04C4 CM4=271393
FDCAN RESULT=FDC00001
FDCAN ENDN  =87654321
FDCAN CCCR  =00000080
FDCAN NBTP  =02090C01
FDCAN PSR   =00000718
FDCAN RCC   =00000100
FDCAN D2CCIP1R=10000000
CM7_MAGIC=C07C07C7 CM7=352000000 CM4_MAGIC=C04C04C4 CM4=272166
FDCAN RESULT=FDC00001
FDCAN ENDN  =87654321
FDCAN CCCR  =00000080
FDCAN NBTP  =02090C01
FDCAN PSR   =00000718
FDCAN RCC   =00000100
FDCAN D2CCIP1R=10000000
CM7_MAGIC=C07C07C7 CM7=353000000 CM4_MAGIC=C04C04C4 CM4=272939
FDCAN RESULT=FDC00001
FDCAN ENDN  =87654321
FDCAN CCCR  =00000080
FDCAN NBTP  =02090C01
FDCAN PSR   =00000718
FDCAN RCC   =00000100
FDCAN D2CCIP1R=10000000
CM7_MAGIC=C07C07C7 CM7=354000000 CM4_MAGIC=C04C04C4 CM4=273712
FDCAN RESULT=FDC00001
FDCAN ENDN  =87654321
FDCAN CCCR  =00000080
FDCAN NBTP  =02090C01
FDCAN PSR   =00000718
FDCAN RCC   =00000100
FDCAN D2CCIP1R=10000000
CM7_MAGIC=C07C07C7 CM7=355000000 CM4_MAGIC=C04C04C4 CM4=274486
FDCAN RESULT=FDC00001
FDCAN ENDN  =87654321
FDCAN CCCR  =00000080
FDCAN NBTP  =02090C01
FDCAN PSR   =00000718
FDCAN RCC   =00000100
FDCAN D2CCIP1R=10000000
CM7_MAGIC=C07C07C7 CM7=356000000 CM4_MAGIC=C04C04C4 CM4=275259
FDCAN RESULT=FDC00001
FDCAN ENDN  =87654321
FDCAN CCCR  =00000080
FDCAN NBTP  =02090C01
FDCAN PSR   =00000718
FDCAN RCC   =00000100
FDCAN D2CCIP1R=10000000
CM7_MAGIC=C07C07C7 CM7=357000000 CM4_MAGIC=C04C04C4 CM4=276032
FDCAN RESULT=FDC00001
FDCAN ENDN  =87654321
FDCAN CCCR  =00000080
FDCAN NBTP  =02090C01
FDCAN PSR   =00000718
FDCAN RCC   =00000100
FDCAN D2CCIP1R=10000000
CM7_MAGIC=C07C07C7 CM7=358000000 CM4_MAGIC=C04C04C4 CM4=276805
FDCAN RESULT=FDC00001
FDCAN ENDN  =87654321
FDCAN CCCR  =00000080
FDCAN NBTP  =02090C01
FDCAN PSR   =00000718
FDCAN RCC   =00000100
FDCAN D2CCIP1R=10000000
CM7_MAGIC=C07C07C7 CM7=359000000 CM4_MAGIC=C04C04C4 CM4=277578
FDCAN RESULT=FDC00001
FDCAN ENDN  =87654321
FDCAN CCCR  =00000080
FDCAN NBTP  =02090C01
FDCAN PSR   =00000718
FDCAN RCC   =00000100
FDCAN D2CCIP1R=10000000
CM7_MAGIC=C07C07C7 CM7=360000000 CM4_MAGIC=C04C04C4 CM4=278351
FDCAN RESULT=FDC00001
FDCAN ENDN  =87654321
FDCAN CCCR  =00000080
FDCAN NBTP  =02090C01
FDCAN PSR   =00000718
FDCAN RCC   =00000100
FDCAN D2CCIP1R=10000000
CM7_MAGIC=C07C07C7 CM7=361000000 CM4_MAGIC=C04C04C4 CM4=279124
FDCAN RESULT=FDC00001
FDCAN ENDN  =87654321
FDCAN CCCR  =00000080
FDCAN NBTP  =02090C01
FDCAN PSR   =00000718
FDCAN RCC   =00000100
FDCAN D2CCIP1R=10000000
CM7_MAGIC=C07C07C7 CM7=362000000 CM4_MAGIC=C04C04C4 CM4=279897
FDCAN RESULT=FDC00001
FDCAN ENDN  =87654321
FDCAN CCCR  =00000080
FDCAN NBTP  =02090C01
FDCAN PSR   =00000718
FDCAN RCC   =00000100
FDCAN D2CCIP1R=10000000
CM7_MAGIC=C07C07C7 CM7=363000000 CM4_MAGIC=C04C04C4 CM4=280670
FDCAN RESULT=FDC00001
FDCAN ENDN  =87654321
FDCAN CCCR  =00000080
FDCAN NBTP  =02090C01
FDCAN PSR   =00000718
FDCAN RCC   =00000100
FDCAN D2CCIP1R=10000000
CM7_MAGIC=C07C07C7 CM7=364000000 CM4_MAGIC=C04C04C4 CM4=281443
FDCAN RESULT=FDC00001
FDCAN ENDN  =87654321
FDCAN CCCR  =00000080
FDCAN NBTP  =02090C01
FDCAN PSR   =00000718
FDCAN RCC   =00000100
FDCAN D2CCIP1R=10000000
CM7_MAGIC=C07C07C7 CM7=365000000 CM4_MAGIC=C04C04C4 CM4=282216
FDCAN RESULT=FDC00001
FDCAN ENDN  =87654321
FDCAN CCCR  =00000080
FDCAN NBTP  =02090C01
FDCAN PSR   =00000718
FDCAN RCC   =00000100
FDCAN D2CCIP1R=10000000
CM7_MAGIC=C07C07C7 CM7=366000000 CM4_MAGIC=C04C04C4 CM4=282989
FDCAN RESULT=FDC00001
FDCAN ENDN  =87654321
FDCAN CCCR  =00000080
FDCAN NBTP  =02090C01
FDCAN PSR   =00000718
FDCAN RCC   =00000100
FDCAN D2CCIP1R=10000000
CM7_MAGIC=C07C07C7 CM7=367000000 CM4_MAGIC=C04C04C4 CM4=283762
FDCAN RESULT=FDC00001
FDCAN ENDN  =87654321
FDCAN CCCR  =00000080
FDCAN NBTP  =02090C01
FDCAN PSR   =00000718
FDCAN RCC   =00000100
FDCAN D2CCIP1R=10000000
CM7_MAGIC=C07C07C7 CM7=368000000 CM4_MAGIC=C04C04C4 CM4=284535
FDCAN RESULT=FDC00001
FDCAN ENDN  =87654321
FDCAN CCCR  =00000080
FDCAN NBTP  =02090C01
FDCAN PSR   =00000718
FDCAN RCC   =00000100
FDCAN D2CCIP1R=10000000
CM7_MAGIC=C07C07C7 CM7=369000000 CM4_MAGIC=C04C04C4 CM4=285308
FDCAN RESULT=FDC00001
FDCAN ENDN  =87654321
FDCAN CCCR  =00000080
FDCAN NBTP  =02090C01
FDCAN PSR   =00000718
FDCAN RCC   =00000100
FDCAN D2CCIP1R=10000000
CM7_MAGIC=C07C07C7 CM7=370000000 CM4_MAGIC=C04C04C4 CM4=286081
FDCAN RESULT=FDC00001
FDCAN ENDN  =87654321
FDCAN CCCR  =00000080
FDCAN NBTP  =02090C01
FDCAN PSR   =00000718
FDCAN RCC   =00000100
FDCAN D2CCIP1R=10000000
CM7_MAGIC=C07C07C7 CM7=371000000 CM4_MAGIC=C04C04C4 CM4=286854
FDCAN RESULT=FDC00001
FDCAN ENDN  =87654321
FDCAN CCCR  =00000080
FDCAN NBTP  =02090C01
FDCAN PSR   =00000718
FDCAN RCC   =00000100
FDCAN D2CCIP1R=10000000
CM7_MAGIC=C07C07C7 CM7=372000000 CM4_MAGIC=C04C04C4 CM4=287627
FDCAN RESULT=FDC00001
FDCAN ENDN  =87654321
FDCAN CCCR  =00000080
FDCAN NBTP  =02090C01
FDCAN PSR   =00000718
FDCAN RCC   =00000100
FDCAN D2CCIP1R=10000000
CM7_MAGIC=C07C07C7 CM7=373000000 CM4_MAGIC=C04C04C4 CM4=288400
FDCAN RESULT=FDC00001
FDCAN ENDN  =87654321
FDCAN CCCR  =00000080
FDCAN NBTP  =02090C01
FDCAN PSR   =00000718
FDCAN RCC   =00000100
FDCAN D2CCIP1R=10000000
CM7_MAGIC=C07C07C7 CM7=374000000 CM4_MAGIC=C04C04C4 CM4=289173
FDCAN RESULT=FDC00001
FDCAN ENDN  =87654321
FDCAN CCCR  =00000080
FDCAN NBTP  =02090C01
FDCAN PSR   =00000718
FDCAN RCC   =00000100
FDCAN D2CCIP1R=10000000
CM7_MAGIC=C07C07C7 CM7=375000000 CM4_MAGIC=C04C04C4 CM4=289946
FDCAN RESULT=FDC00001
FDCAN ENDN  =87654321
FDCAN CCCR  =00000080
FDCAN NBTP  =02090C01
FDCAN PSR   =00000718
FDCAN RCC   =00000100
FDCAN D2CCIP1R=10000000
CM7_MAGIC=C07C07C7 CM7=376000000 CM4_MAGIC=C04C04C4 CM4=290719
FDCAN RESULT=FDC00001
FDCAN ENDN  =87654321
FDCAN CCCR  =00000080
FDCAN NBTP  =02090C01
FDCAN PSR   =00000718
FDCAN RCC   =00000100
FDCAN D2CCIP1R=10000000
CM7_MAGIC=C07C07C7 CM7=377000000 CM4_MAGIC=C04C04C4 CM4=291492
FDCAN RESULT=FDC00001
FDCAN ENDN  =87654321
FDCAN CCCR  =00000080
FDCAN NBTP  =02090C01
FDCAN PSR   =00000718
FDCAN RCC   =00000100
FDCAN D2CCIP1R=10000000
CM7_MAGIC=C07C07C7 CM7=378000000 CM4_MAGIC=C04C04C4 CM4=292265
FDCAN RESULT=FDC00001
FDCAN ENDN  =87654321
FDCAN CCCR  =00000080
FDCAN NBTP  =02090C01
FDCAN PSR   =00000718
FDCAN RCC   =00000100
FDCAN D2CCIP1R=10000000
CM7_MAGIC=C07C07C7 CM7=379000000 CM4_MAGIC=C04C04C4 CM4=293038
FDCAN RESULT=FDC00001
FDCAN ENDN  =87654321
FDCAN CCCR  =00000080
FDCAN NBTP  =02090C01
FDCAN PSR   =00000718
FDCAN RCC   =00000100
FDCAN D2CCIP1R=10000000
CM7_MAGIC=C07C07C7 CM7=380000000 CM4_MAGIC=C04C04C4 CM4=293811
FDCAN RESULT=FDC00001
FDCAN ENDN  =87654321
FDCAN CCCR  =00000080
FDCAN NBTP  =02090C01
FDCAN PSR   =00000718
FDCAN RCC   =00000100
FDCAN D2CCIP1R=10000000
CM7_MAGIC=C07C07C7 CM7=381000000 CM4_MAGIC=C04C04C4 CM4=294584
FDCAN RESULT=FDC00001
FDCAN ENDN  =87654321
FDCAN CCCR  =00000080
FDCAN NBTP  =02090C01
FDCAN PSR   =00000718
FDCAN RCC   =00000100
FDCAN D2CCIP1R=10000000
CM7_MAGIC=C07C07C7 CM7=382000000 CM4_MAGIC=C04C04C4 CM4=295357
FDCAN RESULT=FDC00001
FDCAN ENDN  =87654321
FDCAN CCCR  =00000080
FDCAN NBTP  =02090C01
FDCAN PSR   =00000718
FDCAN RCC   =00000100
FDCAN D2CCIP1R=10000000
CM7_MAGIC=C07C07C7 CM7=383000000 CM4_MAGIC=C04C04C4 CM4=296130
FDCAN RESULT=FDC00001
FDCAN ENDN  =87654321
FDCAN CCCR  =00000080
FDCAN NBTP  =02090C01
FDCAN PSR   =00000718
FDCAN RCC   =00000100
FDCAN D2CCIP1R=10000000
CM7_MAGIC=C07C07C7 CM7=384000000 CM4_MAGIC=C04C04C4 CM4=296903
FDCAN RESULT=FDC00001
FDCAN ENDN  =87654321
FDCAN CCCR  =00000080
FDCAN NBTP  =02090C01
FDCAN PSR   =00000718
FDCAN RCC   =00000100
FDCAN D2CCIP1R=10000000
CM7_MAGIC=C07C07C7 CM7=385000000 CM4_MAGIC=C04C04C4 CM4=297676
FDCAN RESULT=FDC00001
FDCAN ENDN  =87654321
FDCAN CCCR  =00000080
FDCAN NBTP  =02090C01
FDCAN PSR   =00000718
FDCAN RCC   =00000100
FDCAN D2CCIP1R=10000000
CM7_MAGIC=C07C07C7 CM7=386000000 CM4_MAGIC=C04C04C4 CM4=298449
FDCAN RESULT=FDC00001
FDCAN ENDN  =87654321
FDCAN CCCR  =00000080
FDCAN NBTP  =02090C01
FDCAN PSR   =00000718
FDCAN RCC   =00000100
FDCAN D2CCIP1R=10000000
CM7_MAGIC=C07C07C7 CM7=387000000 CM4_MAGIC=C04C04C4 CM4=299223
FDCAN RESULT=FDC00001
FDCAN ENDN  =87654321
FDCAN CCCR  =00000080
FDCAN NBTP  =02090C01
FDCAN PSR   =00000718
FDCAN RCC   =00000100
FDCAN D2CCIP1R=10000000
CM7_MAGIC=C07C07C7 CM7=388000000 CM4_MAGIC=C04C04C4 CM4=299996
FDCAN RESULT=FDC00001
FDCAN ENDN  =87654321
FDCAN CCCR  =00000080
FDCAN NBTP  =02090C01
FDCAN PSR   =00000718
FDCAN RCC   =00000100
FDCAN D2CCIP1R=10000000
CM7_MAGIC=C07C07C7 CM7=389000000 CM4_MAGIC=C04C04C4 CM4=300769
FDCAN RESULT=FDC00001
FDCAN ENDN  =87654321
FDCAN CCCR  =00000080
FDCAN NBTP  =02090C01
FDCAN PSR   =00000718
FDCAN RCC   =00000100
FDCAN D2CCIP1R=10000000
CM7_MAGIC=C07C07C7 CM7=390000000 CM4_MAGIC=C04C04C4 CM4=301542
FDCAN RESULT=FDC00001
FDCAN ENDN  =87654321
FDCAN CCCR  =00000080
FDCAN NBTP  =02090C01
FDCAN PSR   =00000718
FDCAN RCC   =00000100
FDCAN D2CCIP1R=10000000
CM7_MAGIC=C07C07C7 CM7=391000000 CM4_MAGIC=C04C04C4 CM4=302315
FDCAN RESULT=FDC00001
FDCAN ENDN  =87654321
FDCAN CCCR  =00000080
FDCAN NBTP  =02090C01
FDCAN PSR   =00000718
FDCAN RCC   =00000100
FDCAN D2CCIP1R=10000000
CM7_MAGIC=C07C07C7 CM7=392000000 CM4_MAGIC=C04C04C4 CM4=303088
FDCAN RESULT=FDC00001
FDCAN ENDN  =87654321
FDCAN CCCR  =00000080
FDCAN NBTP  =02090C01
FDCAN PSR   =00000718
FDCAN RCC   =00000100
FDCAN D2CCIP1R=10000000
CM7_MAGIC=C07C07C7 CM7=393000000 CM4_MAGIC=C04C04C4 CM4=303861
FDCAN RESULT=FDC00001
FDCAN ENDN  =87654321
FDCAN CCCR  =00000080
FDCAN NBTP  =02090C01
FDCAN PSR   =00000718
FDCAN RCC   =00000100
FDCAN D2CCIP1R=10000000
CM7_MAGIC=C07C07C7 CM7=394000000 CM4_MAGIC=C04C04C4 CM4=304634
FDCAN RESULT=FDC00001
FDCAN ENDN  =87654321
FDCAN CCCR  =00000080
FDCAN NBTP  =02090C01
FDCAN PSR   =00000718
FDCAN RCC   =00000100
FDCAN D2CCIP1R=10000000
CM7_MAGIC=C07C07C7 CM7=395000000 CM4_MAGIC=C04C04C4 CM4=305407
FDCAN RESULT=FDC00001
FDCAN ENDN  =87654321
FDCAN CCCR  =00000080
FDCAN NBTP  =02090C01
FDCAN PSR   =00000718
FDCAN RCC   =00000100
FDCAN D2CCIP1R=10000000
CM7_MAGIC=C07C07C7 CM7=396000000 CM4_MAGIC=C04C04C4 CM4=306180
FDCAN RESULT=FDC00001
FDCAN ENDN  =87654321
FDCAN CCCR  =00000080
FDCAN NBTP  =02090C01
FDCAN PSR   =00000718
FDCAN RCC   =00000100
FDCAN D2CCIP1R=10000000
CM7_MAGIC=C07C07C7 CM7=397000000 CM4_MAGIC=C04C04C4 CM4=306953
FDCAN RESULT=FDC00001
FDCAN ENDN  =87654321
FDCAN CCCR  =00000080
FDCAN NBTP  =02090C01
FDCAN PSR   =00000718
FDCAN RCC   =00000100
FDCAN D2CCIP1R=10000000
CM7_MAGIC=C07C07C7 CM7=398000000 CM4_MAGIC=C04C04C4 CM4=307726
FDCAN RESULT=FDC00001
FDCAN ENDN  =87654321
FDCAN CCCR  =00000080
FDCAN NBTP  =02090C01
FDCAN PSR   =00000718
FDCAN RCC   =00000100
FDCAN D2CCIP1R=10000000
CM7_MAGIC=C07C07C7 CM7=399000000 CM4_MAGIC=C04C04C4 CM4=308499
FDCAN RESULT=FDC00001
FDCAN ENDN  =87654321
FDCAN CCCR  =00000080
FDCAN NBTP  =02090C01
FDCAN PSR   =00000718
FDCAN RCC   =00000100
FDCAN D2CCIP1R=10000000
CM7_MAGIC=C07C07C7 CM7=400000000 CM4_MAGIC=C04C04C4 CM4=309272
FDCAN RESULT=FDC00001
FDCAN ENDN  =87654321
FDCAN CCCR  =00000080
FDCAN NBTP  =02090C01
FDCAN PSR   =00000718
FDCAN RCC   =00000100
FDCAN D2CCIP1R=10000000
CM7_MAGIC=C07C07C7 CM7=401000000 CM4_MAGIC=C04C04C4 CM4=310045
FDCAN RESULT=FDC00001
FDCAN ENDN  =87654321
FDCAN CCCR  =00000080
FDCAN NBTP  =02090C01
FDCAN PSR   =00000718
FDCAN RCC   =00000100
FDCAN D2CCIP1R=10000000
CM7_MAGIC=C07C07C7 CM7=402000000 CM4_MAGIC=C04C04C4 CM4=310818
FDCAN RESULT=FDC00001
FDCAN ENDN  =87654321
FDCAN CCCR  =00000080
FDCAN NBTP  =02090C01
FDCAN PSR   =00000718
FDCAN RCC   =00000100
FDCAN D2CCIP1R=10000000
CM7_MAGIC=C07C07C7 CM7=403000000 CM4_MAGIC=C04C04C4 CM4=311591
FDCAN RESULT=FDC00001
FDCAN ENDN  =87654321
FDCAN CCCR  =00000080
FDCAN NBTP  =02090C01
FDCAN PSR   =00000718
FDCAN RCC   =00000100
FDCAN D2CCIP1R=10000000
CM7_MAGIC=C07C07C7 CM7=404000000 CM4_MAGIC=C04C04C4 CM4=312364
FDCAN RESULT=FDC00001
FDCAN ENDN  =87654321
FDCAN CCCR  =00000080
FDCAN NBTP  =02090C01
FDCAN PSR   =00000718
FDCAN RCC   =00000100
FDCAN D2CCIP1R=10000000
CM7_MAGIC=C07C07C7 CM7=405000000 CM4_MAGIC=C04C04C4 CM4=313137
FDCAN RESULT=FDC00001
FDCAN ENDN  =87654321
FDCAN CCCR  =00000080
FDCAN NBTP  =02090C01
FDCAN PSR   =00000718
FDCAN RCC   =00000100
FDCAN D2CCIP1R=10000000
CM7_MAGIC=C07C07C7 CM7=406000000 CM4_MAGIC=C04C04C4 CM4=313910
FDCAN RESULT=FDC00001
FDCAN ENDN  =87654321
FDCAN CCCR  =00000080
FDCAN NBTP  =02090C01
FDCAN PSR   =00000718
FDCAN RCC   =00000100
FDCAN D2CCIP1R=10000000
CM7_MAGIC=C07C07C7 CM7=407000000 CM4_MAGIC=C04C04C4 CM4=314683
FDCAN RESULT=FDC00001
FDCAN ENDN  =87654321
FDCAN CCCR  =00000080
FDCAN NBTP  =02090C01
FDCAN PSR   =00000718
FDCAN RCC   =00000100
FDCAN D2CCIP1R=10000000
CM7_MAGIC=C07C07C7 CM7=408000000 CM4_MAGIC=C04C04C4 CM4=315456
FDCAN RESULT=FDC00001
FDCAN ENDN  =87654321
FDCAN CCCR  =00000080
FDCAN NBTP  =02090C01
FDCAN PSR   =00000718
FDCAN RCC   =00000100
FDCAN D2CCIP1R=10000000
CM7_MAGIC=C07C07C7 CM7=409000000 CM4_MAGIC=C04C04C4 CM4=316229
FDCAN RESULT=FDC00001
FDCAN ENDN  =87654321
FDCAN CCCR  =00000080
FDCAN NBTP  =02090C01
FDCAN PSR   =00000718
FDCAN RCC   =00000100
FDCAN D2CCIP1R=10000000
CM7_MAGIC=C07C07C7 CM7=410000000 CM4_MAGIC=C04C04C4 CM4=317002
FDCAN RESULT=FDC00001
FDCAN ENDN  =87654321
FDCAN CCCR  =00000080
FDCAN NBTP  =02090C01
FDCAN PSR   =00000718
FDCAN RCC   =00000100
FDCAN D2CCIP1R=10000000
CM7_MAGIC=C07C07C7 CM7=411000000 CM4_MAGIC=C04C04C4 CM4=317775
FDCAN RESULT=FDC00001
FDCAN ENDN  =87654321
FDCAN CCCR  =00000080
FDCAN NBTP  =02090C01
FDCAN PSR   =00000718
FDCAN RCC   =00000100
FDCAN D2CCIP1R=10000000
CM7_MAGIC=C07C07C7 CM7=412000000 CM4_MAGIC=C04C04C4 CM4=318548
FDCAN RESULT=FDC00001
FDCAN ENDN  =87654321
FDCAN CCCR  =00000080
FDCAN NBTP  =02090C01
FDCAN PSR   =00000718
FDCAN RCC   =00000100
FDCAN D2CCIP1R=10000000
CM7_MAGIC=C07C07C7 CM7=413000000 CM4_MAGIC=C04C04C4 CM4=319321
FDCAN RESULT=FDC00001
FDCAN ENDN  =87654321
FDCAN CCCR  =00000080
FDCAN NBTP  =02090C01
FDCAN PSR   =00000718
FDCAN RCC   =00000100
FDCAN D2CCIP1R=10000000
CM7_MAGIC=C07C07C7 CM7=414000000 CM4_MAGIC=C04C04C4 CM4=320094
FDCAN RESULT=FDC00001
FDCAN ENDN  =87654321
FDCAN CCCR  =00000080
FDCAN NBTP  =02090C01
FDCAN PSR   =00000718
FDCAN RCC   =00000100
FDCAN D2CCIP1R=10000000
CM7_MAGIC=C07C07C7 CM7=415000000 CM4_MAGIC=C04C04C4 CM4=320867
FDCAN RESULT=FDC00001
FDCAN ENDN  =87654321
FDCAN CCCR  =00000080
FDCAN NBTP  =02090C01
FDCAN PSR   =00000718
FDCAN RCC   =00000100
FDCAN D2CCIP1R=10000000
CM7_MAGIC=C07C07C7 CM7=416000000 CM4_MAGIC=C04C04C4 CM4=321640
FDCAN RESULT=FDC00001
FDCAN ENDN  =87654321
FDCAN CCCR  =00000080
FDCAN NBTP  =02090C01
FDCAN PSR   =00000718
FDCAN RCC   =00000100
FDCAN D2CCIP1R=10000000
CM7_MAGIC=C07C07C7 CM7=417000000 CM4_MAGIC=C04C04C4 CM4=322413
FDCAN RESULT=FDC00001
FDCAN ENDN  =87654321
FDCAN CCCR  =00000080
FDCAN NBTP  =02090C01
FDCAN PSR   =00000718
FDCAN RCC   =00000100
FDCAN D2CCIP1R=10000000
CM7_MAGIC=C07C07C7 CM7=418000000 CM4_MAGIC=C04C04C4 CM4=323186
FDCAN RESULT=FDC00001
FDCAN ENDN  =87654321
FDCAN CCCR  =00000080
FDCAN NBTP  =02090C01
FDCAN PSR   =00000718
FDCAN RCC   =00000100
FDCAN D2CCIP1R=10000000
CM7_MAGIC=C07C07C7 CM7=419000000 CM4_MAGIC=C04C04C4 CM4=323960
FDCAN RESULT=FDC00001
FDCAN ENDN  =87654321
FDCAN CCCR  =00000080
FDCAN NBTP  =02090C01
FDCAN PSR   =00000718
FDCAN RCC   =00000100
FDCAN D2CCIP1R=10000000
CM7_MAGIC=C07C07C7 CM7=420000000 CM4_MAGIC=C04C04C4 CM4=324733
FDCAN RESULT=FDC00001
FDCAN ENDN  =87654321
FDCAN CCCR  =00000080
FDCAN NBTP  =02090C01
FDCAN PSR   =00000718
FDCAN RCC   =00000100
FDCAN D2CCIP1R=10000000
CM7_MAGIC=C07C07C7 CM7=421000000 CM4_MAGIC=C04C04C4 CM4=325506
FDCAN RESULT=FDC00001
FDCAN ENDN  =87654321
FDCAN CCCR  =00000080
FDCAN NBTP  =02090C01
FDCAN PSR   =00000718
FDCAN RCC   =00000100
FDCAN D2CCIP1R=10000000
CM7_MAGIC=C07C07C7 CM7=422000000 CM4_MAGIC=C04C04C4 CM4=326279
FDCAN RESULT=FDC00001
FDCAN ENDN  =87654321
FDCAN CCCR  =00000080
FDCAN NBTP  =02090C01
FDCAN PSR   =00000718
FDCAN RCC   =00000100
FDCAN D2CCIP1R=10000000
CM7_MAGIC=C07C07C7 CM7=423000000 CM4_MAGIC=C04C04C4 CM4=327052
FDCAN RESULT=FDC00001
FDCAN ENDN  =87654321
FDCAN CCCR  =00000080
FDCAN NBTP  =02090C01
FDCAN PSR   =00000718
FDCAN RCC   =00000100
FDCAN D2CCIP1R=10000000
CM7_MAGIC=C07C07C7 CM7=424000000 CM4_MAGIC=C04C04C4 CM4=327825
FDCAN RESULT=FDC00001
FDCAN ENDN  =87654321
FDCAN CCCR  =00000080
FDCAN NBTP  =02090C01
FDCAN PSR   =00000718
FDCAN RCC   =00000100
FDCAN D2CCIP1R=10000000
CM7_MAGIC=C07C07C7 CM7=425000000 CM4_MAGIC=C04C04C4 CM4=328598
FDCAN RESULT=FDC00001
FDCAN ENDN  =87654321
FDCAN CCCR  =00000080
FDCAN NBTP  =02090C01
FDCAN PSR   =00000718
FDCAN RCC   =00000100
FDCAN D2CCIP1R=10000000
CM7_MAGIC=C07C07C7 CM7=426000000 CM4_MAGIC=C04C04C4 CM4=329371
FDCAN RESULT=FDC00001
FDCAN ENDN  =87654321
FDCAN CCCR  =00000080
FDCAN NBTP  =02090C01
FDCAN PSR   =00000718
FDCAN RCC   =00000100
FDCAN D2CCIP1R=10000000
CM7_MAGIC=C07C07C7 CM7=427000000 CM4_MAGIC=C04C04C4 CM4=330144
FDCAN RESULT=FDC00001
FDCAN ENDN  =87654321
FDCAN CCCR  =00000080
FDCAN NBTP  =02090C01
FDCAN PSR   =00000718
FDCAN RCC   =00000100
FDCAN D2CCIP1R=10000000
CM7_MAGIC=C07C07C7 CM7=428000000 CM4_MAGIC=C04C04C4 CM4=330917
FDCAN RESULT=FDC00001
FDCAN ENDN  =87654321
FDCAN CCCR  =00000080
FDCAN NBTP  =02090C01
FDCAN PSR   =00000718
FDCAN RCC   =00000100
FDCAN D2CCIP1R=10000000
CM7_MAGIC=C07C07C7 CM7=429000000 CM4_MAGIC=C04C04C4 CM4=331690
FDCAN RESULT=FDC00001
FDCAN ENDN  =87654321
FDCAN CCCR  =00000080
FDCAN NBTP  =02090C01
FDCAN PSR   =00000718
FDCAN RCC   =00000100
FDCAN D2CCIP1R=10000000
CM7_MAGIC=C07C07C7 CM7=430000000 CM4_MAGIC=C04C04C4 CM4=332463
FDCAN RESULT=FDC00001
FDCAN ENDN  =87654321
FDCAN CCCR  =00000080
FDCAN NBTP  =02090C01
FDCAN PSR   =00000718
FDCAN RCC   =00000100
FDCAN D2CCIP1R=10000000
CM7_MAGIC=C07C07C7 CM7=431000000 CM4_MAGIC=C04C04C4 CM4=333236
FDCAN RESULT=FDC00001
FDCAN ENDN  =87654321
FDCAN CCCR  =00000080
FDCAN NBTP  =02090C01
FDCAN PSR   =00000718
FDCAN RCC   =00000100
FDCAN D2CCIP1R=10000000
CM7_MAGIC=C07C07C7 CM7=432000000 CM4_MAGIC=C04C04C4 CM4=334009
FDCAN RESULT=FDC00001
FDCAN ENDN  =87654321
FDCAN CCCR  =00000080
FDCAN NBTP  =02090C01
FDCAN PSR   =00000718
FDCAN RCC   =00000100
FDCAN D2CCIP1R=10000000
CM7_MAGIC=C07C07C7 CM7=433000000 CM4_MAGIC=C04C04C4 CM4=334782
FDCAN RESULT=FDC00001
FDCAN ENDN  =87654321
FDCAN CCCR  =00000080
FDCAN NBTP  =02090C01
FDCAN PSR   =00000718
FDCAN RCC   =00000100
FDCAN D2CCIP1R=10000000
CM7_MAGIC=C07C07C7 CM7=434000000 CM4_MAGIC=C04C04C4 CM4=335555
FDCAN RESULT=FDC00001
FDCAN ENDN  =87654321
FDCAN CCCR  =00000080
FDCAN NBTP  =02090C01
FDCAN PSR   =00000718
FDCAN RCC   =00000100
FDCAN D2CCIP1R=10000000
CM7_MAGIC=C07C07C7 CM7=435000000 CM4_MAGIC=C04C04C4 CM4=336328
FDCAN RESULT=FDC00001
FDCAN ENDN  =87654321
FDCAN CCCR  =00000080
FDCAN NBTP  =02090C01
FDCAN PSR   =00000718
FDCAN RCC   =00000100
FDCAN D2CCIP1R=10000000
CM7_MAGIC=C07C07C7 CM7=436000000 CM4_MAGIC=C04C04C4 CM4=337101
FDCAN RESULT=FDC00001
FDCAN ENDN  =87654321
FDCAN CCCR  =00000080
FDCAN NBTP  =02090C01
FDCAN PSR   =00000718
FDCAN RCC   =00000100
FDCAN D2CCIP1R=10000000
CM7_MAGIC=C07C07C7 CM7=437000000 CM4_MAGIC=C04C04C4 CM4=337874
FDCAN RESULT=FDC00001
FDCAN ENDN  =87654321
FDCAN CCCR  =00000080
FDCAN NBTP  =02090C01
FDCAN PSR   =00000718
FDCAN RCC   =00000100
FDCAN D2CCIP1R=10000000
CM7_MAGIC=C07C07C7 CM7=438000000 CM4_MAGIC=C04C04C4 CM4=338647
FDCAN RESULT=FDC00001
FDCAN ENDN  =87654321
FDCAN CCCR  =00000080
FDCAN NBTP  =02090C01
FDCAN PSR   =00000718
FDCAN RCC   =00000100
FDCAN D2CCIP1R=10000000
CM7_MAGIC=C07C07C7 CM7=439000000 CM4_MAGIC=C04C04C4 CM4=339420
FDCAN RESULT=FDC00001
FDCAN ENDN  =87654321
FDCAN CCCR  =00000080
FDCAN NBTP  =02090C01
FDCAN PSR   =00000718
FDCAN RCC   =00000100
FDCAN D2CCIP1R=10000000
CM7_MAGIC=C07C07C7 CM7=440000000 CM4_MAGIC=C04C04C4 CM4=340193
FDCAN RESULT=FDC00001
FDCAN ENDN  =87654321
FDCAN CCCR  =00000080
FDCAN NBTP  =02090C01
FDCAN PSR   =00000718
FDCAN RCC   =00000100
FDCAN D2CCIP1R=10000000
CM7_MAGIC=C07C07C7 CM7=441000000 CM4_MAGIC=C04C04C4 CM4=340966
FDCAN RESULT=FDC00001
FDCAN ENDN  =87654321
FDCAN CCCR  =00000080
FDCAN NBTP  =02090C01
FDCAN PSR   =00000718
FDCAN RCC   =00000100
FDCAN D2CCIP1R=10000000
CM7_MAGIC=C07C07C7 CM7=442000000 CM4_MAGIC=C04C04C4 CM4=341739
FDCAN RESULT=FDC00001
FDCAN ENDN  =87654321
FDCAN CCCR  =00000080
FDCAN NBTP  =02090C01
FDCAN PSR   =00000718
FDCAN RCC   =00000100
FDCAN D2CCIP1R=10000000
CM7_MAGIC=C07C07C7 CM7=443000000 CM4_MAGIC=C04C04C4 CM4=342512
FDCAN RESULT=FDC00001
FDCAN ENDN  =87654321
FDCAN CCCR  =00000080
FDCAN NBTP  =02090C01
FDCAN PSR   =00000718
FDCAN RCC   =00000100
FDCAN D2CCIP1R=10000000
CM7_MAGIC=C07C07C7 CM7=444000000 CM4_MAGIC=C04C04C4 CM4=343285
FDCAN RESULT=FDC00001
FDCAN ENDN  =87654321
FDCAN CCCR  =00000080
FDCAN NBTP  =02090C01
FDCAN PSR   =00000718
FDCAN RCC   =00000100
FDCAN D2CCIP1R=10000000
CM7_MAGIC=C07C07C7 CM7=445000000 CM4_MAGIC=C04C04C4 CM4=344058
FDCAN RESULT=FDC00001
FDCAN ENDN  =87654321
FDCAN CCCR  =00000080
FDCAN NBTP  =02090C01
FDCAN PSR   =00000718
FDCAN RCC   =00000100
FDCAN D2CCIP1R=10000000
CM7_MAGIC=C07C07C7 CM7=446000000 CM4_MAGIC=C04C04C4 CM4=344831
FDCAN RESULT=FDC00001
FDCAN ENDN  =87654321
FDCAN CCCR  =00000080
FDCAN NBTP  =02090C01
FDCAN PSR   =00000718
FDCAN RCC   =00000100
FDCAN D2CCIP1R=10000000
CM7_MAGIC=C07C07C7 CM7=447000000 CM4_MAGIC=C04C04C4 CM4=345604
FDCAN RESULT=FDC00001
FDCAN ENDN  =87654321
FDCAN CCCR  =00000080
FDCAN NBTP  =02090C01
FDCAN PSR   =00000718
FDCAN RCC   =00000100
FDCAN D2CCIP1R=10000000
CM7_MAGIC=C07C07C7 CM7=448000000 CM4_MAGIC=C04C04C4 CM4=346378
FDCAN RESULT=FDC00001
FDCAN ENDN  =87654321
FDCAN CCCR  =00000080
FDCAN NBTP  =02090C01
FDCAN PSR   =00000718
FDCAN RCC   =00000100
FDCAN D2CCIP1R=10000000
CM7_MAGIC=C07C07C7 CM7=449000000 CM4_MAGIC=C04C04C4 CM4=347151
FDCAN RESULT=FDC00001
FDCAN ENDN  =87654321
FDCAN CCCR  =00000080
FDCAN NBTP  =02090C01
FDCAN PSR   =00000718
FDCAN RCC   =00000100
FDCAN D2CCIP1R=10000000
CM7_MAGIC=C07C07C7 CM7=450000000 CM4_MAGIC=C04C04C4 CM4=347924
FDCAN RESULT=FDC00001
FDCAN ENDN  =87654321
FDCAN CCCR  =00000080
FDCAN NBTP  =02090C01
FDCAN PSR   =00000718
FDCAN RCC   =00000100
FDCAN D2CCIP1R=10000000
CM7_MAGIC=C07C07C7 CM7=451000000 CM4_MAGIC=C04C04C4 CM4=348697
FDCAN RESULT=FDC00001
FDCAN ENDN  =87654321
FDCAN CCCR  =00000080
FDCAN NBTP  =02090C01
FDCAN PSR   =00000718
FDCAN RCC   =00000100
FDCAN D2CCIP1R=10000000
CM7_MAGIC=C07C07C7 CM7=452000000 CM4_MAGIC=C04C04C4 CM4=349470
FDCAN RESULT=FDC00001
FDCAN ENDN  =87654321
FDCAN CCCR  =00000080
FDCAN NBTP  =02090C01
FDCAN PSR   =00000718
FDCAN RCC   =00000100
FDCAN D2CCIP1R=10000000
CM7_MAGIC=C07C07C7 CM7=453000000 CM4_MAGIC=C04C04C4 CM4=350243
FDCAN RESULT=FDC00001
FDCAN ENDN  =87654321
FDCAN CCCR  =00000080
FDCAN NBTP  =02090C01
FDCAN PSR   =00000718
FDCAN RCC   =00000100
FDCAN D2CCIP1R=10000000
CM7_MAGIC=C07C07C7 CM7=454000000 CM4_MAGIC=C04C04C4 CM4=351016
FDCAN RESULT=FDC00001
FDCAN ENDN  =87654321
FDCAN CCCR  =00000080
FDCAN NBTP  =02090C01
FDCAN PSR   =00000718
FDCAN RCC   =00000100
FDCAN D2CCIP1R=10000000
CM7_MAGIC=C07C07C7 CM7=455000000 CM4_MAGIC=C04C04C4 CM4=351789
FDCAN RESULT=FDC00001
FDCAN ENDN  =87654321
FDCAN CCCR  =00000080
FDCAN NBTP  =02090C01
FDCAN PSR   =00000718
FDCAN RCC   =00000100
FDCAN D2CCIP1R=10000000
CM7_MAGIC=C07C07C7 CM7=456000000 CM4_MAGIC=C04C04C4 CM4=352562
FDCAN RESULT=FDC00001
FDCAN ENDN  =87654321
FDCAN CCCR  =00000080
FDCAN NBTP  =02090C01
FDCAN PSR   =00000718
FDCAN RCC   =00000100
FDCAN D2CCIP1R=10000000
CM7_MAGIC=C07C07C7 CM7=457000000 CM4_MAGIC=C04C04C4 CM4=353335
FDCAN RESULT=FDC00001
FDCAN ENDN  =87654321
FDCAN CCCR  =00000080
FDCAN NBTP  =02090C01
FDCAN PSR   =00000718
FDCAN RCC   =00000100
FDCAN D2CCIP1R=10000000
CM7_MAGIC=C07C07C7 CM7=458000000 CM4_MAGIC=C04C04C4 CM4=354108
FDCAN RESULT=FDC00001
FDCAN ENDN  =87654321
FDCAN CCCR  =00000080
FDCAN NBTP  =02090C01
FDCAN PSR   =00000718
FDCAN RCC   =00000100
FDCAN D2CCIP1R=10000000
CM7_MAGIC=C07C07C7 CM7=459000000 CM4_MAGIC=C04C04C4 CM4=354881
FDCAN RESULT=FDC00001
FDCAN ENDN  =87654321
FDCAN CCCR  =00000080
FDCAN NBTP  =02090C01
FDCAN PSR   =00000718
FDCAN RCC   =00000100
FDCAN D2CCIP1R=10000000
CM7_MAGIC=C07C07C7 CM7=460000000 CM4_MAGIC=C04C04C4 CM4=355654
FDCAN RESULT=FDC00001
FDCAN ENDN  =87654321
FDCAN CCCR  =00000080
FDCAN NBTP  =02090C01
FDCAN PSR   =00000718
FDCAN RCC   =00000100
FDCAN D2CCIP1R=10000000
CM7_MAGIC=C07C07C7 CM7=461000000 CM4_MAGIC=C04C04C4 CM4=356427
FDCAN RESULT=FDC00001
FDCAN ENDN  =87654321
FDCAN CCCR  =00000080
FDCAN NBTP  =02090C01
FDCAN PSR   =00000718
FDCAN RCC   =00000100
FDCAN D2CCIP1R=10000000
CM7_MAGIC=C07C07C7 CM7=462000000 CM4_MAGIC=C04C04C4 CM4=357200
FDCAN RESULT=FDC00001
FDCAN ENDN  =87654321
FDCAN CCCR  =00000080
FDCAN NBTP  =02090C01
FDCAN PSR   =00000718
FDCAN RCC   =00000100
FDCAN D2CCIP1R=10000000
CM7_MAGIC=C07C07C7 CM7=463000000 CM4_MAGIC=C04C04C4 CM4=357973
FDCAN RESULT=FDC00001
FDCAN ENDN  =87654321
FDCAN CCCR  =00000080
FDCAN NBTP  =02090C01
FDCAN PSR   =00000718
FDCAN RCC   =00000100
FDCAN D2CCIP1R=10000000
CM7_MAGIC=C07C07C7 CM7=464000000 CM4_MAGIC=C04C04C4 CM4=358746
FDCAN RESULT=FDC00001
FDCAN ENDN  =87654321
FDCAN CCCR  =00000080
FDCAN NBTP  =02090C01
FDCAN PSR   =00000718
FDCAN RCC   =00000100
FDCAN D2CCIP1R=10000000
CM7_MAGIC=C07C07C7 CM7=465000000 CM4_MAGIC=C04C04C4 CM4=359519
FDCAN RESULT=FDC00001
FDCAN ENDN  =87654321
FDCAN CCCR  =00000080
FDCAN NBTP  =02090C01
FDCAN PSR   =00000718
FDCAN RCC   =00000100
FDCAN D2CCIP1R=10000000
CM7_MAGIC=C07C07C7 CM7=466000000 CM4_MAGIC=C04C04C4 CM4=360292
FDCAN RESULT=FDC00001
FDCAN ENDN  =87654321
FDCAN CCCR  =00000080
FDCAN NBTP  =02090C01
FDCAN PSR   =00000718
FDCAN RCC   =00000100
FDCAN D2CCIP1R=10000000
CM7_MAGIC=C07C07C7 CM7=467000000 CM4_MAGIC=C04C04C4 CM4=361065
FDCAN RESULT=FDC00001
FDCAN ENDN  =87654321
FDCAN CCCR  =00000080
FDCAN NBTP  =02090C01
FDCAN PSR   =00000718
FDCAN RCC   =00000100
FDCAN D2CCIP1R=10000000
CM7_MAGIC=C07C07C7 CM7=468000000 CM4_MAGIC=C04C04C4 CM4=361838
FDCAN RESULT=FDC00001
FDCAN ENDN  =87654321
FDCAN CCCR  =00000080
FDCAN NBTP  =02090C01
FDCAN PSR   =00000718
FDCAN RCC   =00000100
FDCAN D2CCIP1R=10000000
CM7_MAGIC=C07C07C7 CM7=469000000 CM4_MAGIC=C04C04C4 CM4=362611
FDCAN RESULT=FDC00001
FDCAN ENDN  =87654321
FDCAN CCCR  =00000080
FDCAN NBTP  =02090C01
FDCAN PSR   =00000718
FDCAN RCC   =00000100
FDCAN D2CCIP1R=10000000
CM7_MAGIC=C07C07C7 CM7=470000000 CM4_MAGIC=C04C04C4 CM4=363384
FDCAN RESULT=FDC00001
FDCAN ENDN  =87654321
FDCAN CCCR  =00000080
FDCAN NBTP  =02090C01
FDCAN PSR   =00000718
FDCAN RCC   =00000100
FDCAN D2CCIP1R=10000000
CM7_MAGIC=C07C07C7 CM7=471000000 CM4_MAGIC=C04C04C4 CM4=364157
FDCAN RESULT=FDC00001
FDCAN ENDN  =87654321
FDCAN CCCR  =00000080
FDCAN NBTP  =02090C01
FDCAN PSR   =00000718
FDCAN RCC   =00000100
FDCAN D2CCIP1R=10000000
CM7_MAGIC=C07C07C7 CM7=472000000 CM4_MAGIC=C04C04C4 CM4=364930
FDCAN RESULT=FDC00001
FDCAN ENDN  =87654321
FDCAN CCCR  =00000080
FDCAN NBTP  =02090C01
FDCAN PSR   =00000718
FDCAN RCC   =00000100
FDCAN D2CCIP1R=10000000
CM7_MAGIC=C07C07C7 CM7=473000000 CM4_MAGIC=C04C04C4 CM4=365703
FDCAN RESULT=FDC00001
FDCAN ENDN  =87654321
FDCAN CCCR  =00000080
FDCAN NBTP  =02090C01
FDCAN PSR   =00000718
FDCAN RCC   =00000100
FDCAN D2CCIP1R=10000000
CM7_MAGIC=C07C07C7 CM7=474000000 CM4_MAGIC=C04C04C4 CM4=366476
FDCAN RESULT=FDC00001
FDCAN ENDN  =87654321
FDCAN CCCR  =00000080
FDCAN NBTP  =02090C01
FDCAN PSR   =00000718
FDCAN RCC   =00000100
FDCAN D2CCIP1R=10000000
CM7_MAGIC=C07C07C7 CM7=475000000 CM4_MAGIC=C04C04C4 CM4=367249
FDCAN RESULT=FDC00001
FDCAN ENDN  =87654321
FDCAN CCCR  =00000080
FDCAN NBTP  =02090C01
FDCAN PSR   =00000718
FDCAN RCC   =00000100
FDCAN D2CCIP1R=10000000
CM7_MAGIC=C07C07C7 CM7=476000000 CM4_MAGIC=C04C04C4 CM4=368022
FDCAN RESULT=FDC00001
FDCAN ENDN  =87654321
FDCAN CCCR  =00000080
FDCAN NBTP  =02090C01
FDCAN PSR   =00000718
FDCAN RCC   =00000100
FDCAN D2CCIP1R=10000000
CM7_MAGIC=C07C07C7 CM7=477000000 CM4_MAGIC=C04C04C4 CM4=368795
FDCAN RESULT=FDC00001
FDCAN ENDN  =87654321
FDCAN CCCR  =00000080
FDCAN NBTP  =02090C01
FDCAN PSR   =00000718
FDCAN RCC   =00000100
FDCAN D2CCIP1R=10000000
CM7_MAGIC=C07C07C7 CM7=478000000 CM4_MAGIC=C04C04C4 CM4=369568
FDCAN RESULT=FDC00001
FDCAN ENDN  =87654321
FDCAN CCCR  =00000080
FDCAN NBTP  =02090C01
FDCAN PSR   =00000718
FDCAN RCC   =00000100
FDCAN D2CCIP1R=10000000
CM7_MAGIC=C07C07C7 CM7=479000000 CM4_MAGIC=C04C04C4 CM4=370341
FDCAN RESULT=FDC00001
FDCAN ENDN  =87654321
FDCAN CCCR  =00000080
FDCAN NBTP  =02090C01
FDCAN PSR   =00000718
FDCAN RCC   =00000100
FDCAN D2CCIP1R=10000000
CM7_MAGIC=C07C07C7 CM7=480000000 CM4_MAGIC=C04C04C4 CM4=371115
FDCAN RESULT=FDC00001
FDCAN ENDN  =87654321
FDCAN CCCR  =00000080
FDCAN NBTP  =02090C01
FDCAN PSR   =00000718
FDCAN RCC   =00000100
FDCAN D2CCIP1R=10000000
CM7_MAGIC=C07C07C7 CM7=481000000 CM4_MAGIC=C04C04C4 CM4=371888
FDCAN RESULT=FDC00001
FDCAN ENDN  =87654321
FDCAN CCCR  =00000080
FDCAN NBTP  =02090C01
FDCAN PSR   =00000718
FDCAN RCC   =00000100
FDCAN D2CCIP1R=10000000
CM7_MAGIC=C07C07C7 CM7=482000000 CM4_MAGIC=C04C04C4 CM4=372661
FDCAN RESULT=FDC00001
FDCAN ENDN  =87654321
FDCAN CCCR  =00000080
FDCAN NBTP  =02090C01
FDCAN PSR   =00000718
FDCAN RCC   =00000100
FDCAN D2CCIP1R=10000000
CM7_MAGIC=C07C07C7 CM7=483000000 CM4_MAGIC=C04C04C4 CM4=373434
FDCAN RESULT=FDC00001
FDCAN ENDN  =87654321
FDCAN CCCR  =00000080
FDCAN NBTP  =02090C01
FDCAN PSR   =00000718
FDCAN RCC   =00000100
FDCAN D2CCIP1R=10000000
CM7_MAGIC=C07C07C7 CM7=484000000 CM4_MAGIC=C04C04C4 CM4=374207
FDCAN RESULT=FDC00001
FDCAN ENDN  =87654321
FDCAN CCCR  =00000080
FDCAN NBTP  =02090C01
FDCAN PSR   =00000718
FDCAN RCC   =00000100
FDCAN D2CCIP1R=10000000
CM7_MAGIC=C07C07C7 CM7=485000000 CM4_MAGIC=C04C04C4 CM4=374980
FDCAN RESULT=FDC00001
FDCAN ENDN  =87654321
FDCAN CCCR  =00000080
FDCAN NBTP  =02090C01
FDCAN PSR   =00000718
FDCAN RCC   =00000100
FDCAN D2CCIP1R=10000000
CM7_MAGIC=C07C07C7 CM7=486000000 CM4_MAGIC=C04C04C4 CM4=375753
FDCAN RESULT=FDC00001
FDCAN ENDN  =87654321
FDCAN CCCR  =00000080
FDCAN NBTP  =02090C01
FDCAN PSR   =00000718
FDCAN RCC   =00000100
FDCAN D2CCIP1R=10000000
CM7_MAGIC=C07C07C7 CM7=487000000 CM4_MAGIC=C04C04C4 CM4=376526
FDCAN RESULT=FDC00001
FDCAN ENDN  =87654321
FDCAN CCCR  =00000080
FDCAN NBTP  =02090C01
FDCAN PSR   =00000718
FDCAN RCC   =00000100
FDCAN D2CCIP1R=10000000
CM7_MAGIC=C07C07C7 CM7=488000000 CM4_MAGIC=C04C04C4 CM4=377299
FDCAN RESULT=FDC00001
FDCAN ENDN  =87654321
FDCAN CCCR  =00000080
FDCAN NBTP  =02090C01
FDCAN PSR   =00000718
FDCAN RCC   =00000100
FDCAN D2CCIP1R=10000000
CM7_MAGIC=C07C07C7 CM7=489000000 CM4_MAGIC=C04C04C4 CM4=378072
FDCAN RESULT=FDC00001
FDCAN ENDN  =87654321
FDCAN CCCR  =00000080
FDCAN NBTP  =02090C01
FDCAN PSR   =00000718
FDCAN RCC   =00000100
FDCAN D2CCIP1R=10000000
CM7_MAGIC=C07C07C7 CM7=490000000 CM4_MAGIC=C04C04C4 CM4=378845
FDCAN RESULT=FDC00001
FDCAN ENDN  =87654321
FDCAN CCCR  =00000080
FDCAN NBTP  =02090C01
FDCAN PSR   =00000718
FDCAN RCC   =00000100
FDCAN D2CCIP1R=10000000
CM7_MAGIC=C07C07C7 CM7=491000000 CM4_MAGIC=C04C04C4 CM4=379618
FDCAN RESULT=FDC00001
FDCAN ENDN  =87654321
FDCAN CCCR  =00000080
FDCAN NBTP  =02090C01
FDCAN PSR   =00000718
FDCAN RCC   =00000100
FDCAN D2CCIP1R=10000000
CM7_MAGIC=C07C07C7 CM7=492000000 CM4_MAGIC=C04C04C4 CM4=380391
FDCAN RESULT=FDC00001
FDCAN ENDN  =87654321
FDCAN CCCR  =00000080
FDCAN NBTP  =02090C01
FDCAN PSR   =00000718
FDCAN RCC   =00000100
FDCAN D2CCIP1R=10000000
CM7_MAGIC=C07C07C7 CM7=493000000 CM4_MAGIC=C04C04C4 CM4=381164
FDCAN RESULT=FDC00001
FDCAN ENDN  =87654321
FDCAN CCCR  =00000080
FDCAN NBTP  =02090C01
FDCAN PSR   =00000718
FDCAN RCC   =00000100
FDCAN D2CCIP1R=10000000
CM7_MAGIC=C07C07C7 CM7=494000000 CM4_MAGIC=C04C04C4 CM4=381937
FDCAN RESULT=FDC00001
FDCAN ENDN  =87654321
FDCAN CCCR  =00000080
FDCAN NBTP  =02090C01
FDCAN PSR   =00000718
FDCAN RCC   =00000100
FDCAN D2CCIP1R=10000000
CM7_MAGIC=C07C07C7 CM7=495000000 CM4_MAGIC=C04C04C4 CM4=382710
FDCAN RESULT=FDC00001
FDCAN ENDN  =87654321
FDCAN CCCR  =00000080
FDCAN NBTP  =02090C01
FDCAN PSR   =00000718
FDCAN RCC   =00000100
FDCAN D2CCIP1R=10000000
CM7_MAGIC=C07C07C7 CM7=496000000 CM4_MAGIC=C04C04C4 CM4=383483
FDCAN RESULT=FDC00001
FDCAN ENDN  =87654321
FDCAN CCCR  =00000080
FDCAN NBTP  =02090C01
FDCAN PSR   =00000718
FDCAN RCC   =00000100
FDCAN D2CCIP1R=10000000
CM7_MAGIC=C07C07C7 CM7=497000000 CM4_MAGIC=C04C04C4 CM4=384256
FDCAN RESULT=FDC00001
FDCAN ENDN  =87654321
FDCAN CCCR  =00000080
FDCAN NBTP  =02090C01
FDCAN PSR   =00000718
FDCAN RCC   =00000100
FDCAN D2CCIP1R=10000000
CM7_MAGIC=C07C07C7 CM7=498000000 CM4_MAGIC=C04C04C4 CM4=385029
FDCAN RESULT=FDC00001
FDCAN ENDN  =87654321
FDCAN CCCR  =00000080
FDCAN NBTP  =02090C01
FDCAN PSR   =00000718
FDCAN RCC   =00000100
FDCAN D2CCIP1R=10000000
CM7_MAGIC=C07C07C7 CM7=499000000 CM4_MAGIC=C04C04C4 CM4=385802
FDCAN RESULT=FDC00001
FDCAN ENDN  =87654321
FDCAN CCCR  =00000080
FDCAN NBTP  =02090C01
FDCAN PSR   =00000718
FDCAN RCC   =00000100
FDCAN D2CCIP1R=10000000
CM7_MAGIC=C07C07C7 CM7=500000000 CM4_MAGIC=C04C04C4 CM4=386575
FDCAN RESULT=FDC00001
FDCAN ENDN  =87654321
FDCAN CCCR  =00000080
FDCAN NBTP  =02090C01
FDCAN PSR   =00000718
FDCAN RCC   =00000100
FDCAN D2CCIP1R=10000000
CM7_MAGIC=C07C07C7 CM7=501000000 CM4_MAGIC=C04C04C4 CM4=387348
FDCAN RESULT=FDC00001
FDCAN ENDN  =87654321
FDCAN CCCR  =00000080
FDCAN NBTP  =02090C01
FDCAN PSR   =00000718
FDCAN RCC   =00000100
FDCAN D2CCIP1R=10000000
CM7_MAGIC=C07C07C7 CM7=502000000 CM4_MAGIC=C04C04C4 CM4=388121
FDCAN RESULT=FDC00001
FDCAN ENDN  =87654321
FDCAN CCCR  =00000080
FDCAN NBTP  =02090C01
FDCAN PSR   =00000718
FDCAN RCC   =00000100
FDCAN D2CCIP1R=10000000
CM7_MAGIC=C07C07C7 CM7=503000000 CM4_MAGIC=C04C04C4 CM4=388894
FDCAN RESULT=FDC00001
FDCAN ENDN  =87654321
FDCAN CCCR  =00000080
FDCAN NBTP  =02090C01
FDCAN PSR   =00000718
FDCAN RCC   =00000100
FDCAN D2CCIP1R=10000000
CM7_MAGIC=C07C07C7 CM7=504000000 CM4_MAGIC=C04C04C4 CM4=389667
FDCAN RESULT=FDC00001
FDCAN ENDN  =87654321
FDCAN CCCR  =00000080
FDCAN NBTP  =02090C01
FDCAN PSR   =00000718
FDCAN RCC   =00000100
FDCAN D2CCIP1R=10000000
CM7_MAGIC=C07C07C7 CM7=505000000 CM4_MAGIC=C04C04C4 CM4=390440
FDCAN RESULT=FDC00001
FDCAN ENDN  =87654321
FDCAN CCCR  =00000080
FDCAN NBTP  =02090C01
FDCAN PSR   =00000718
FDCAN RCC   =00000100
FDCAN D2CCIP1R=10000000
CM7_MAGIC=C07C07C7 CM7=506000000 CM4_MAGIC=C04C04C4 CM4=391213
FDCAN RESULT=FDC00001
FDCAN ENDN  =87654321
FDCAN CCCR  =00000080
FDCAN NBTP  =02090C01
FDCAN PSR   =00000718
FDCAN RCC   =00000100
FDCAN D2CCIP1R=10000000
CM7_MAGIC=C07C07C7 CM7=507000000 CM4_MAGIC=C04C04C4 CM4=391986
FDCAN RESULT=FDC00001
FDCAN ENDN  =87654321
FDCAN CCCR  =00000080
FDCAN NBTP  =02090C01
FDCAN PSR   =00000718
FDCAN RCC   =00000100
FDCAN D2CCIP1R=10000000
CM7_MAGIC=C07C07C7 CM7=508000000 CM4_MAGIC=C04C04C4 CM4=392759
FDCAN RESULT=FDC00001
FDCAN ENDN  =87654321
FDCAN CCCR  =00000080
FDCAN NBTP  =02090C01
FDCAN PSR   =00000718
FDCAN RCC   =00000100
FDCAN D2CCIP1R=10000000
CM7_MAGIC=C07C07C7 CM7=509000000 CM4_MAGIC=C04C04C4 CM4=393532
FDCAN RESULT=FDC00001
FDCAN ENDN  =87654321
FDCAN CCCR  =00000080
FDCAN NBTP  =02090C01
FDCAN PSR   =00000718
FDCAN RCC   =00000100
FDCAN D2CCIP1R=10000000
CM7_MAGIC=C07C07C7 CM7=510000000 CM4_MAGIC=C04C04C4 CM4=394305
FDCAN RESULT=FDC00001
FDCAN ENDN  =87654321
FDCAN CCCR  =00000080
FDCAN NBTP  =02090C01
FDCAN PSR   =00000718
FDCAN RCC   =00000100
FDCAN D2CCIP1R=10000000
CM7_MAGIC=C07C07C7 CM7=511000000 CM4_MAGIC=C04C04C4 CM4=395078
FDCAN RESULT=FDC00001
FDCAN ENDN  =87654321
FDCAN CCCR  =00000080
FDCAN NBTP  =02090C01
FDCAN PSR   =00000718
FDCAN RCC   =00000100
FDCAN D2CCIP1R=10000000
CM7_MAGIC=C07C07C7 CM7=512000000 CM4_MAGIC=C04C04C4 CM4=395851
FDCAN RESULT=FDC00001
FDCAN ENDN  =87654321
FDCAN CCCR  =00000080
FDCAN NBTP  =02090C01
FDCAN PSR   =00000718
FDCAN RCC   =00000100
FDCAN D2CCIP1R=10000000
CM7_MAGIC=C07C07C7 CM7=513000000 CM4_MAGIC=C04C04C4 CM4=396625
FDCAN RESULT=FDC00001
FDCAN ENDN  =87654321
FDCAN CCCR  =00000080
FDCAN NBTP  =02090C01
FDCAN PSR   =00000718
FDCAN RCC   =00000100
FDCAN D2CCIP1R=10000000
CM7_MAGIC=C07C07C7 CM7=514000000 CM4_MAGIC=C04C04C4 CM4=397398
FDCAN RESULT=FDC00001
FDCAN ENDN  =87654321
FDCAN CCCR  =00000080
FDCAN NBTP  =02090C01
FDCAN PSR   =00000718
FDCAN RCC   =00000100
FDCAN D2CCIP1R=10000000
CM7_MAGIC=C07C07C7 CM7=515000000 CM4_MAGIC=C04C04C4 CM4=398171
FDCAN RESULT=FDC00001
FDCAN ENDN  =87654321
FDCAN CCCR  =00000080
FDCAN NBTP  =02090C01
FDCAN PSR   =00000718
FDCAN RCC   =00000100
FDCAN D2CCIP1R=10000000
CM7_MAGIC=C07C07C7 CM7=516000000 CM4_MAGIC=C04C04C4 CM4=398944
FDCAN RESULT=FDC00001
FDCAN ENDN  =87654321
FDCAN CCCR  =00000080
FDCAN NBTP  =02090C01
FDCAN PSR   =00000718
FDCAN RCC   =00000100
FDCAN D2CCIP1R=10000000
CM7_MAGIC=C07C07C7 CM7=517000000 CM4_MAGIC=C04C04C4 CM4=399717
FDCAN RESULT=FDC00001
FDCAN ENDN  =87654321
FDCAN CCCR  =00000080
FDCAN NBTP  =02090C01
FDCAN PSR   =00000718
FDCAN RCC   =00000100
FDCAN D2CCIP1R=10000000
CM7_MAGIC=C07C07C7 CM7=518000000 CM4_MAGIC=C04C04C4 CM4=400490
FDCAN RESULT=FDC00001
FDCAN ENDN  =87654321
FDCAN CCCR  =00000080
FDCAN NBTP  =02090C01
FDCAN PSR   =00000718
FDCAN RCC   =00000100
FDCAN D2CCIP1R=10000000
CM7_MAGIC=C07C07C7 CM7=519000000 CM4_MAGIC=C04C04C4 CM4=401263
FDCAN RESULT=FDC00001
FDCAN ENDN  =87654321
FDCAN CCCR  =00000080
FDCAN NBTP  =02090C01
FDCAN PSR   =00000718
FDCAN RCC   =00000100
FDCAN D2CCIP1R=10000000
CM7_MAGIC=C07C07C7 CM7=520000000 CM4_MAGIC=C04C04C4 CM4=402036
FDCAN RESULT=FDC00001
FDCAN ENDN  =87654321
FDCAN CCCR  =00000080
FDCAN NBTP  =02090C01
FDCAN PSR   =00000718
FDCAN RCC   =00000100
FDCAN D2CCIP1R=10000000
CM7_MAGIC=C07C07C7 CM7=521000000 CM4_MAGIC=C04C04C4 CM4=402809
FDCAN RESULT=FDC00001
FDCAN ENDN  =87654321
FDCAN CCCR  =00000080
FDCAN NBTP  =02090C01
FDCAN PSR   =00000718
FDCAN RCC   =00000100
FDCAN D2CCIP1R=10000000
CM7_MAGIC=C07C07C7 CM7=522000000 CM4_MAGIC=C04C04C4 CM4=403582
FDCAN RESULT=FDC00001
FDCAN ENDN  =87654321
FDCAN CCCR  =00000080
FDCAN NBTP  =02090C01
FDCAN PSR   =00000718
FDCAN RCC   =00000100
FDCAN D2CCIP1R=10000000
CM7_MAGIC=C07C07C7 CM7=523000000 CM4_MAGIC=C04C04C4 CM4=404355
FDCAN RESULT=FDC00001
FDCAN ENDN  =87654321
FDCAN CCCR  =00000080
FDCAN NBTP  =02090C01
FDCAN PSR   =00000718
FDCAN RCC   =00000100
FDCAN D2CCIP1R=10000000
CM7_MAGIC=C07C07C7 CM7=524000000 CM4_MAGIC=C04C04C4 CM4=405128
FDCAN RESULT=FDC00001
FDCAN ENDN  =87654321
FDCAN CCCR  =00000080
FDCAN NBTP  =02090C01
FDCAN PSR   =00000718
FDCAN RCC   =00000100
FDCAN D2CCIP1R=10000000
CM7_MAGIC=C07C07C7 CM7=525000000 CM4_MAGIC=C04C04C4 CM4=405901
FDCAN RESULT=FDC00001
FDCAN ENDN  =87654321
FDCAN CCCR  =00000080
FDCAN NBTP  =02090C01
FDCAN PSR   =00000718
FDCAN RCC   =00000100
FDCAN D2CCIP1R=10000000
CM7_MAGIC=C07C07C7 CM7=526000000 CM4_MAGIC=C04C04C4 CM4=406674
FDCAN RESULT=FDC00001
FDCAN ENDN  =87654321
FDCAN CCCR  =00000080
FDCAN NBTP  =02090C01
FDCAN PSR   =00000718
FDCAN RCC   =00000100
FDCAN D2CCIP1R=10000000
CM7_MAGIC=C07C07C7 CM7=527000000 CM4_MAGIC=C04C04C4 CM4=407447
FDCAN RESULT=FDC00001
FDCAN ENDN  =87654321
FDCAN CCCR  =00000080
FDCAN NBTP  =02090C01
FDCAN PSR   =00000718
FDCAN RCC   =00000100
FDCAN D2CCIP1R=10000000
CM7_MAGIC=C07C07C7 CM7=528000000 CM4_MAGIC=C04C04C4 CM4=408220
FDCAN RESULT=FDC00001
FDCAN ENDN  =87654321
FDCAN CCCR  =00000080
FDCAN NBTP  =02090C01
FDCAN PSR   =00000718
FDCAN RCC   =00000100
FDCAN D2CCIP1R=10000000
CM7_MAGIC=C07C07C7 CM7=529000000 CM4_MAGIC=C04C04C4 CM4=408993
FDCAN RESULT=FDC00001
FDCAN ENDN  =87654321
FDCAN CCCR  =00000080
FDCAN NBTP  =02090C01
FDCAN PSR   =00000718
FDCAN RCC   =00000100
FDCAN D2CCIP1R=10000000
CM7_MAGIC=C07C07C7 CM7=530000000 CM4_MAGIC=C04C04C4 CM4=409766
FDCAN RESULT=FDC00001
FDCAN ENDN  =87654321
FDCAN CCCR  =00000080
FDCAN NBTP  =02090C01
FDCAN PSR   =00000718
FDCAN RCC   =00000100
FDCAN D2CCIP1R=10000000
CM7_MAGIC=C07C07C7 CM7=531000000 CM4_MAGIC=C04C04C4 CM4=410539
FDCAN RESULT=FDC00001
FDCAN ENDN  =87654321
FDCAN CCCR  =00000080
FDCAN NBTP  =02090C01
FDCAN PSR   =00000718
FDCAN RCC   =00000100
FDCAN D2CCIP1R=10000000
CM7_MAGIC=C07C07C7 CM7=532000000 CM4_MAGIC=C04C04C4 CM4=411312
FDCAN RESULT=FDC00001
FDCAN ENDN  =87654321
FDCAN CCCR  =00000080
FDCAN NBTP  =02090C01
FDCAN PSR   =00000718
FDCAN RCC   =00000100
FDCAN D2CCIP1R=10000000
CM7_MAGIC=C07C07C7 CM7=533000000 CM4_MAGIC=C04C04C4 CM4=412085
FDCAN RESULT=FDC00001
FDCAN ENDN  =87654321
FDCAN CCCR  =00000080
FDCAN NBTP  =02090C01
FDCAN PSR   =00000718
FDCAN RCC   =00000100
FDCAN D2CCIP1R=10000000
CM7_MAGIC=C07C07C7 CM7=534000000 CM4_MAGIC=C04C04C4 CM4=412858
FDCAN RESULT=FDC00001
FDCAN ENDN  =87654321
FDCAN CCCR  =00000080
FDCAN NBTP  =02090C01
FDCAN PSR   =00000718
FDCAN RCC   =00000100
FDCAN D2CCIP1R=10000000
CM7_MAGIC=C07C07C7 CM7=535000000 CM4_MAGIC=C04C04C4 CM4=413631
FDCAN RESULT=FDC00001
FDCAN ENDN  =87654321
FDCAN CCCR  =00000080
FDCAN NBTP  =02090C01
FDCAN PSR   =00000718
FDCAN RCC   =00000100
FDCAN D2CCIP1R=10000000
CM7_MAGIC=C07C07C7 CM7=536000000 CM4_MAGIC=C04C04C4 CM4=414404
FDCAN RESULT=FDC00001
FDCAN ENDN  =87654321
FDCAN CCCR  =00000080
FDCAN NBTP  =02090C01
FDCAN PSR   =00000718
FDCAN RCC   =00000100
FDCAN D2CCIP1R=10000000
CM7_MAGIC=C07C07C7 CM7=537000000 CM4_MAGIC=C04C04C4 CM4=415177
FDCAN RESULT=FDC00001
FDCAN ENDN  =87654321
FDCAN CCCR  =00000080
FDCAN NBTP  =02090C01
FDCAN PSR   =00000718
FDCAN RCC   =00000100
FDCAN D2CCIP1R=10000000
CM7_MAGIC=C07C07C7 CM7=538000000 CM4_MAGIC=C04C04C4 CM4=415950
FDCAN RESULT=FDC00001
FDCAN ENDN  =87654321
FDCAN CCCR  =00000080
FDCAN NBTP  =02090C01
FDCAN PSR   =00000718
FDCAN RCC   =00000100
FDCAN D2CCIP1R=10000000
CM7_MAGIC=C07C07C7 CM7=539000000 CM4_MAGIC=C04C04C4 CM4=416723
FDCAN RESULT=FDC00001
FDCAN ENDN  =87654321
FDCAN CCCR  =00000080
FDCAN NBTP  =02090C01
FDCAN PSR   =00000718
FDCAN RCC   =00000100
FDCAN D2CCIP1R=10000000
CM7_MAGIC=C07C07C7 CM7=540000000 CM4_MAGIC=C04C04C4 CM4=417496
FDCAN RESULT=FDC00001
FDCAN ENDN  =87654321
FDCAN CCCR  =00000080
FDCAN NBTP  =02090C01
FDCAN PSR   =00000718
FDCAN RCC   =00000100
FDCAN D2CCIP1R=10000000
CM7_MAGIC=C07C07C7 CM7=541000000 CM4_MAGIC=C04C04C4 CM4=418270
FDCAN RESULT=FDC00001
FDCAN ENDN  =87654321
FDCAN CCCR  =00000080
FDCAN NBTP  =02090C01
FDCAN PSR   =00000718
FDCAN RCC   =00000100
FDCAN D2CCIP1R=10000000
CM7_MAGIC=C07C07C7 CM7=542000000 CM4_MAGIC=C04C04C4 CM4=419043
FDCAN RESULT=FDC00001
FDCAN ENDN  =87654321
FDCAN CCCR  =00000080
FDCAN NBTP  =02090C01
FDCAN PSR   =00000718
FDCAN RCC   =00000100
FDCAN D2CCIP1R=10000000
CM7_MAGIC=C07C07C7 CM7=543000000 CM4_MAGIC=C04C04C4 CM4=419816
FDCAN RESULT=FDC00001
FDCAN ENDN  =87654321
FDCAN CCCR  =00000080
FDCAN NBTP  =02090C01
FDCAN PSR   =00000718
FDCAN RCC   =00000100
FDCAN D2CCIP1R=10000000
CM7_MAGIC=C07C07C7 CM7=544000000 CM4_MAGIC=C04C04C4 CM4=420589
FDCAN RESULT=FDC00001
FDCAN ENDN  =87654321
FDCAN CCCR  =00000080
FDCAN NBTP  =02090C01
FDCAN PSR   =00000718
FDCAN RCC   =00000100
FDCAN D2CCIP1R=10000000
CM7_MAGIC=C07C07C7 CM7=545000000 CM4_MAGIC=C04C04C4 CM4=421362
FDCAN RESULT=FDC00001
FDCAN ENDN  =87654321
FDCAN CCCR  =00000080
FDCAN NBTP  =02090C01
FDCAN PSR   =00000718
FDCAN RCC   =00000100
FDCAN D2CCIP1R=10000000
CM7_MAGIC=C07C07C7 CM7=546000000 CM4_MAGIC=C04C04C4 CM4=422135
FDCAN RESULT=FDC00001
FDCAN ENDN  =87654321
FDCAN CCCR  =00000080
FDCAN NBTP  =02090C01
FDCAN PSR   =00000718
FDCAN RCC   =00000100
FDCAN D2CCIP1R=10000000
CM7_MAGIC=C07C07C7 CM7=547000000 CM4_MAGIC=C04C04C4 CM4=422908
FDCAN RESULT=FDC00001
FDCAN ENDN  =87654321
FDCAN CCCR  =00000080
FDCAN NBTP  =02090C01
FDCAN PSR   =00000718
FDCAN RCC   =00000100
FDCAN D2CCIP1R=10000000
CM7_MAGIC=C07C07C7 CM7=548000000 CM4_MAGIC=C04C04C4 CM4=423681
FDCAN RESULT=FDC00001
FDCAN ENDN  =87654321
FDCAN CCCR  =00000080
FDCAN NBTP  =02090C01
FDCAN PSR   =00000718
FDCAN RCC   =00000100
FDCAN D2CCIP1R=10000000
CM7_MAGIC=C07C07C7 CM7=549000000 CM4_MAGIC=C04C04C4 CM4=424454
FDCAN RESULT=FDC00001
FDCAN ENDN  =87654321
FDCAN CCCR  =00000080
FDCAN NBTP  =02090C01
FDCAN PSR   =00000718
FDCAN RCC   =00000100
FDCAN D2CCIP1R=10000000
CM7_MAGIC=C07C07C7 CM7=550000000 CM4_MAGIC=C04C04C4 CM4=425227
FDCAN RESULT=FDC00001
FDCAN ENDN  =87654321
FDCAN CCCR  =00000080
FDCAN NBTP  =02090C01
FDCAN PSR   =00000718
FDCAN RCC   =00000100
FDCAN D2CCIP1R=10000000
CM7_MAGIC=C07C07C7 CM7=551000000 CM4_MAGIC=C04C04C4 CM4=426000
FDCAN RESULT=FDC00001
FDCAN ENDN  =87654321
FDCAN CCCR  =00000080
FDCAN NBTP  =02090C01
FDCAN PSR   =00000718
FDCAN RCC   =00000100
FDCAN D2CCIP1R=10000000
CM7_MAGIC=C07C07C7 CM7=552000000 CM4_MAGIC=C04C04C4 CM4=426773
FDCAN RESULT=FDC00001
FDCAN ENDN  =87654321
FDCAN CCCR  =00000080
FDCAN NBTP  =02090C01
FDCAN PSR   =00000718
FDCAN RCC   =00000100
FDCAN D2CCIP1R=10000000
CM7_MAGIC=C07C07C7 CM7=553000000 CM4_MAGIC=C04C04C4 CM4=427546
FDCAN RESULT=FDC00001
FDCAN ENDN  =87654321
FDCAN CCCR  =00000080
FDCAN NBTP  =02090C01
FDCAN PSR   =00000718
FDCAN RCC   =00000100
FDCAN D2CCIP1R=10000000
CM7_MAGIC=C07C07C7 CM7=554000000 CM4_MAGIC=C04C04C4 CM4=428319
FDCAN RESULT=FDC00001
FDCAN ENDN  =87654321
FDCAN CCCR  =00000080
FDCAN NBTP  =02090C01
FDCAN PSR   =00000718
FDCAN RCC   =00000100
FDCAN D2CCIP1R=10000000
CM7_MAGIC=C07C07C7 CM7=555000000 CM4_MAGIC=C04C04C4 CM4=429092
FDCAN RESULT=FDC00001
FDCAN ENDN  =87654321
FDCAN CCCR  =00000080
FDCAN NBTP  =02090C01
FDCAN PSR   =00000718
FDCAN RCC   =00000100
FDCAN D2CCIP1R=10000000
CM7_MAGIC=C07C07C7 CM7=556000000 CM4_MAGIC=C04C04C4 CM4=429865
FDCAN RESULT=FDC00001
FDCAN ENDN  =87654321
FDCAN CCCR  =00000080
FDCAN NBTP  =02090C01
FDCAN PSR   =00000718
FDCAN RCC   =00000100
FDCAN D2CCIP1R=10000000
CM7_MAGIC=C07C07C7 CM7=557000000 CM4_MAGIC=C04C04C4 CM4=430638
FDCAN RESULT=FDC00001
FDCAN ENDN  =87654321
FDCAN CCCR  =00000080
FDCAN NBTP  =02090C01
FDCAN PSR   =00000718
FDCAN RCC   =00000100
FDCAN D2CCIP1R=10000000
CM7_MAGIC=C07C07C7 CM7=558000000 CM4_MAGIC=C04C04C4 CM4=431411
FDCAN RESULT=FDC00001
FDCAN ENDN  =87654321
FDCAN CCCR  =00000080
FDCAN NBTP  =02090C01
FDCAN PSR   =00000718
FDCAN RCC   =00000100
FDCAN D2CCIP1R=10000000
CM7_MAGIC=C07C07C7 CM7=559000000 CM4_MAGIC=C04C04C4 CM4=432184
FDCAN RESULT=FDC00001
FDCAN ENDN  =87654321
FDCAN CCCR  =00000080
FDCAN NBTP  =02090C01
FDCAN PSR   =00000718
FDCAN RCC   =00000100
FDCAN D2CCIP1R=10000000
CM7_MAGIC=C07C07C7 CM7=560000000 CM4_MAGIC=C04C04C4 CM4=432957
FDCAN RESULT=FDC00001
FDCAN ENDN  =87654321
FDCAN CCCR  =00000080
FDCAN NBTP  =02090C01
FDCAN PSR   =00000718
FDCAN RCC   =00000100
FDCAN D2CCIP1R=10000000
CM7_MAGIC=C07C07C7 CM7=561000000 CM4_MAGIC=C04C04C4 CM4=433730
FDCAN RESULT=FDC00001
FDCAN ENDN  =87654321
FDCAN CCCR  =00000080
FDCAN NBTP  =02090C01
FDCAN PSR   =00000718
FDCAN RCC   =00000100
FDCAN D2CCIP1R=10000000
CM7_MAGIC=C07C07C7 CM7=562000000 CM4_MAGIC=C04C04C4 CM4=434503
FDCAN RESULT=FDC00001
FDCAN ENDN  =87654321
FDCAN CCCR  =00000080
FDCAN NBTP  =02090C01
FDCAN PSR   =00000718
FDCAN RCC   =00000100
FDCAN D2CCIP1R=10000000
CM7_MAGIC=C07C07C7 CM7=563000000 CM4_MAGIC=C04C04C4 CM4=435276
FDCAN RESULT=FDC00001
FDCAN ENDN  =87654321
FDCAN CCCR  =00000080
FDCAN NBTP  =02090C01
FDCAN PSR   =00000718
FDCAN RCC   =00000100
FDCAN D2CCIP1R=10000000
CM7_MAGIC=C07C07C7 CM7=564000000 CM4_MAGIC=C04C04C4 CM4=436049
FDCAN RESULT=FDC00001
FDCAN ENDN  =87654321
FDCAN CCCR  =00000080
FDCAN NBTP  =02090C01
FDCAN PSR   =00000718
FDCAN RCC   =00000100
FDCAN D2CCIP1R=10000000
CM7_MAGIC=C07C07C7 CM7=565000000 CM4_MAGIC=C04C04C4 CM4=436822
FDCAN RESULT=FDC00001
FDCAN ENDN  =87654321
FDCAN CCCR  =00000080
FDCAN NBTP  =02090C01
FDCAN PSR   =00000718
FDCAN RCC   =00000100
FDCAN D2CCIP1R=10000000
CM7_MAGIC=C07C07C7 CM7=566000000 CM4_MAGIC=C04C04C4 CM4=437595
FDCAN RESULT=FDC00001
FDCAN ENDN  =87654321
FDCAN CCCR  =00000080
FDCAN NBTP  =02090C01
FDCAN PSR   =00000718
FDCAN RCC   =00000100
FDCAN D2CCIP1R=10000000
CM7_MAGIC=C07C07C7 CM7=567000000 CM4_MAGIC=C04C04C4 CM4=438368
FDCAN RESULT=FDC00001
FDCAN ENDN  =87654321
FDCAN CCCR  =00000080
FDCAN NBTP  =02090C01
FDCAN PSR   =00000718
FDCAN RCC   =00000100
FDCAN D2CCIP1R=10000000
CM7_MAGIC=C07C07C7 CM7=568000000 CM4_MAGIC=C04C04C4 CM4=439141
FDCAN RESULT=FDC00001
FDCAN ENDN  =87654321
FDCAN CCCR  =00000080
FDCAN NBTP  =02090C01
FDCAN PSR   =00000718
FDCAN RCC   =00000100
FDCAN D2CCIP1R=10000000
CM7_MAGIC=C07C07C7 CM7=569000000 CM4_MAGIC=C04C04C4 CM4=439914
FDCAN RESULT=FDC00001
FDCAN ENDN  =87654321
FDCAN CCCR  =00000080
FDCAN NBTP  =02090C01
FDCAN PSR   =00000718
FDCAN RCC   =00000100
FDCAN D2CCIP1R=10000000
CM7_MAGIC=C07C07C7 CM7=570000000 CM4_MAGIC=C04C04C4 CM4=440688
FDCAN RESULT=FDC00001
FDCAN ENDN  =87654321
FDCAN CCCR  =00000080
FDCAN NBTP  =02090C01
FDCAN PSR   =00000718
FDCAN RCC   =00000100
FDCAN D2CCIP1R=10000000
CM7_MAGIC=C07C07C7 CM7=571000000 CM4_MAGIC=C04C04C4 CM4=441461
FDCAN RESULT=FDC00001
FDCAN ENDN  =87654321
FDCAN CCCR  =00000080
FDCAN NBTP  =02090C01
FDCAN PSR   =00000718
FDCAN RCC   =00000100
FDCAN D2CCIP1R=10000000
CM7_MAGIC=C07C07C7 CM7=572000000 CM4_MAGIC=C04C04C4 CM4=442234
FDCAN RESULT=FDC00001
FDCAN ENDN  =87654321
FDCAN CCCR  =00000080
FDCAN NBTP  =02090C01
FDCAN PSR   =00000718
FDCAN RCC   =00000100
FDCAN D2CCIP1R=10000000
CM7_MAGIC=C07C07C7 CM7=573000000 CM4_MAGIC=C04C04C4 CM4=443007
FDCAN RESULT=FDC00001
FDCAN ENDN  =87654321
FDCAN CCCR  =00000080
FDCAN NBTP  =02090C01
FDCAN PSR   =00000718
FDCAN RCC   =00000100
FDCAN D2CCIP1R=10000000
CM7_MAGIC=C07C07C7 CM7=574000000 CM4_MAGIC=C04C04C4 CM4=443780
FDCAN RESULT=FDC00001
FDCAN ENDN  =87654321
FDCAN CCCR  =00000080
FDCAN NBTP  =02090C01
FDCAN PSR   =00000718
FDCAN RCC   =00000100
FDCAN D2CCIP1R=10000000
CM7_MAGIC=C07C07C7 CM7=575000000 CM4_MAGIC=C04C04C4 CM4=444553
FDCAN RESULT=FDC00001
FDCAN ENDN  =87654321
FDCAN CCCR  =00000080
FDCAN NBTP  =02090C01
FDCAN PSR   =00000718
FDCAN RCC   =00000100
FDCAN D2CCIP1R=10000000
CM7_MAGIC=C07C07C7 CM7=576000000 CM4_MAGIC=C04C04C4 CM4=445326
FDCAN RESULT=FDC00001
FDCAN ENDN  =87654321
FDCAN CCCR  =00000080
FDCAN NBTP  =02090C01
FDCAN PSR   =00000718
FDCAN RCC   =00000100
FDCAN D2CCIP1R=10000000
CM7_MAGIC=C07C07C7 CM7=577000000 CM4_MAGIC=C04C04C4 CM4=446099
FDCAN RESULT=FDC00001
FDCAN ENDN  =87654321
FDCAN CCCR  =00000080
FDCAN NBTP  =02090C01
FDCAN PSR   =00000718
FDCAN RCC   =00000100
FDCAN D2CCIP1R=10000000
CM7_MAGIC=C07C07C7 CM7=578000000 CM4_MAGIC=C04C04C4 CM4=446872
FDCAN RESULT=FDC00001
FDCAN ENDN  =87654321
FDCAN CCCR  =00000080
FDCAN NBTP  =02090C01
FDCAN PSR   =00000718
FDCAN RCC   =00000100
FDCAN D2CCIP1R=10000000
CM7_MAGIC=C07C07C7 CM7=579000000 CM4_MAGIC=C04C04C4 CM4=447645
FDCAN RESULT=FDC00001
FDCAN ENDN  =87654321
FDCAN CCCR  =00000080
FDCAN NBTP  =02090C01
FDCAN PSR   =00000718
FDCAN RCC   =00000100
FDCAN D2CCIP1R=10000000
CM7_MAGIC=C07C07C7 CM7=580000000 CM4_MAGIC=C04C04C4 CM4=448418
FDCAN RESULT=FDC00001
FDCAN ENDN  =87654321
FDCAN CCCR  =00000080
FDCAN NBTP  =02090C01
FDCAN PSR   =00000718
FDCAN RCC   =00000100
FDCAN D2CCIP1R=10000000
CM7_MAGIC=C07C07C7 CM7=581000000 CM4_MAGIC=C04C04C4 CM4=449191
FDCAN RESULT=FDC00001
FDCAN ENDN  =87654321
FDCAN CCCR  =00000080
FDCAN NBTP  =02090C01
FDCAN PSR   =00000718
FDCAN RCC   =00000100
FDCAN D2CCIP1R=10000000
CM7_MAGIC=C07C07C7 CM7=582000000 CM4_MAGIC=C04C04C4 CM4=449964
FDCAN RESULT=FDC00001
FDCAN ENDN  =87654321
FDCAN CCCR  =00000080
FDCAN NBTP  =02090C01
FDCAN PSR   =00000718
FDCAN RCC   =00000100
FDCAN D2CCIP1R=10000000
CM7_MAGIC=C07C07C7 CM7=583000000 CM4_MAGIC=C04C04C4 CM4=450737
FDCAN RESULT=FDC00001
FDCAN ENDN  =87654321
FDCAN CCCR  =00000080
FDCAN NBTP  =02090C01
FDCAN PSR   =00000718
FDCAN RCC   =00000100
FDCAN D2CCIP1R=10000000
CM7_MAGIC=C07C07C7 CM7=584000000 CM4_MAGIC=C04C04C4 CM4=451510
FDCAN RESULT=FDC00001
FDCAN ENDN  =87654321
FDCAN CCCR  =00000080
FDCAN NBTP  =02090C01
FDCAN PSR   =00000718
FDCAN RCC   =00000100
FDCAN D2CCIP1R=10000000
CM7_MAGIC=C07C07C7 CM7=585000000 CM4_MAGIC=C04C04C4 CM4=452283
FDCAN RESULT=FDC00001
FDCAN ENDN  =87654321
FDCAN CCCR  =00000080
FDCAN NBTP  =02090C01
FDCAN PSR   =00000718
FDCAN RCC   =00000100
FDCAN D2CCIP1R=10000000
CM7_MAGIC=C07C07C7 CM7=586000000 CM4_MAGIC=C04C04C4 CM4=453056
FDCAN RESULT=FDC00001
FDCAN ENDN  =87654321
FDCAN CCCR  =00000080
FDCAN NBTP  =02090C01
FDCAN PSR   =00000718
FDCAN RCC   =00000100
FDCAN D2CCIP1R=10000000
CM7_MAGIC=C07C07C7 CM7=587000000 CM4_MAGIC=C04C04C4 CM4=453829
FDCAN RESULT=FDC00001
FDCAN ENDN  =87654321
FDCAN CCCR  =00000080
FDCAN NBTP  =02090C01
FDCAN PSR   =00000718
FDCAN RCC   =00000100
FDCAN D2CCIP1R=10000000
CM7_MAGIC=C07C07C7 CM7=588000000 CM4_MAGIC=C04C04C4 CM4=454602
FDCAN RESULT=FDC00001
FDCAN ENDN  =87654321
FDCAN CCCR  =00000080
FDCAN NBTP  =02090C01
FDCAN PSR   =00000718
FDCAN RCC   =00000100
FDCAN D2CCIP1R=10000000
CM7_MAGIC=C07C07C7 CM7=589000000 CM4_MAGIC=C04C04C4 CM4=455375
FDCAN RESULT=FDC00001
FDCAN ENDN  =87654321
FDCAN CCCR  =00000080
FDCAN NBTP  =02090C01
FDCAN PSR   =00000718
FDCAN RCC   =00000100
FDCAN D2CCIP1R=10000000
CM7_MAGIC=C07C07C7 CM7=590000000 CM4_MAGIC=C04C04C4 CM4=456148
FDCAN RESULT=FDC00001
FDCAN ENDN  =87654321
FDCAN CCCR  =00000080
FDCAN NBTP  =02090C01
FDCAN PSR   =00000718
FDCAN RCC   =00000100
FDCAN D2CCIP1R=10000000
CM7_MAGIC=C07C07C7 CM7=591000000 CM4_MAGIC=C04C04C4 CM4=456921
FDCAN RESULT=FDC00001
FDCAN ENDN  =87654321
FDCAN CCCR  =00000080
FDCAN NBTP  =02090C01
FDCAN PSR   =00000718
FDCAN RCC   =00000100
FDCAN D2CCIP1R=10000000
CM7_MAGIC=C07C07C7 CM7=592000000 CM4_MAGIC=C04C04C4 CM4=457694
FDCAN RESULT=FDC00001
FDCAN ENDN  =87654321
FDCAN CCCR  =00000080
FDCAN NBTP  =02090C01
FDCAN PSR   =00000718
FDCAN RCC   =00000100
FDCAN D2CCIP1R=10000000
CM7_MAGIC=C07C07C7 CM7=593000000 CM4_MAGIC=C04C04C4 CM4=458467
FDCAN RESULT=FDC00001
FDCAN ENDN  =87654321
FDCAN CCCR  =00000080
FDCAN NBTP  =02090C01
FDCAN PSR   =00000718
FDCAN RCC   =00000100
FDCAN D2CCIP1R=10000000
CM7_MAGIC=C07C07C7 CM7=594000000 CM4_MAGIC=C04C04C4 CM4=459240
FDCAN RESULT=FDC00001
FDCAN ENDN  =87654321
FDCAN CCCR  =00000080
FDCAN NBTP  =02090C01
FDCAN PSR   =00000718
FDCAN RCC   =00000100
FDCAN D2CCIP1R=10000000
CM7_MAGIC=C07C07C7 CM7=595000000 CM4_MAGIC=C04C04C4 CM4=460013
FDCAN RESULT=FDC00001
FDCAN ENDN  =87654321
FDCAN CCCR  =00000080
FDCAN NBTP  =02090C01
FDCAN PSR   =00000718
FDCAN RCC   =00000100
FDCAN D2CCIP1R=10000000
CM7_MAGIC=C07C07C7 CM7=596000000 CM4_MAGIC=C04C04C4 CM4=460786
FDCAN RESULT=FDC00001
FDCAN ENDN  =87654321
FDCAN CCCR  =00000080
FDCAN NBTP  =02090C01
FDCAN PSR   =00000718
FDCAN RCC   =00000100
FDCAN D2CCIP1R=10000000
CM7_MAGIC=C07C07C7 CM7=597000000 CM4_MAGIC=C04C04C4 CM4=461559
FDCAN RESULT=FDC00001
FDCAN ENDN  =87654321
FDCAN CCCR  =00000080
FDCAN NBTP  =02090C01
FDCAN PSR   =00000718
FDCAN RCC   =00000100
FDCAN D2CCIP1R=10000000
CM7_MAGIC=C07C07C7 CM7=598000000 CM4_MAGIC=C04C04C4 CM4=462332
FDCAN RESULT=FDC00001
FDCAN ENDN  =87654321
FDCAN CCCR  =00000080
FDCAN NBTP  =02090C01
FDCAN PSR   =00000718
FDCAN RCC   =00000100
FDCAN D2CCIP1R=10000000
CM7_MAGIC=C07C07C7 CM7=599000000 CM4_MAGIC=C04C04C4 CM4=463106
FDCAN RESULT=FDC00001
FDCAN ENDN  =87654321
FDCAN CCCR  =00000080
FDCAN NBTP  =02090C01
FDCAN PSR   =00000718
FDCAN RCC   =00000100
FDCAN D2CCIP1R=10000000
CM7_MAGIC=C07C07C7 CM7=600000000 CM4_MAGIC=C04C04C4 CM4=463879
FDCAN RESULT=FDC00001
FDCAN ENDN  =87654321
FDCAN CCCR  =00000080
FDCAN NBTP  =02090C01
FDCAN PSR   =00000718
FDCAN RCC   =00000100
FDCAN D2CCIP1R=10000000
CM7_MAGIC=C07C07C7 CM7=601000000 CM4_MAGIC=C04C04C4 CM4=464652
FDCAN RESULT=FDC00001
FDCAN ENDN  =87654321
FDCAN CCCR  =00000080
FDCAN NBTP  =02090C01
FDCAN PSR   =00000718
FDCAN RCC   =00000100
FDCAN D2CCIP1R=10000000
CM7_MAGIC=C07C07C7 CM7=602000000 CM4_MAGIC=C04C04C4 CM4=465425
FDCAN RESULT=FDC00001
FDCAN ENDN  =87654321
FDCAN CCCR  =00000080
FDCAN NBTP  =02090C01
FDCAN PSR   =00000718
FDCAN RCC   =00000100
FDCAN D2CCIP1R=10000000
CM7_MAGIC=C07C07C7 CM7=603000000 CM4_MAGIC=C04C04C4 CM4=466198
FDCAN RESULT=FDC00001
FDCAN ENDN  =87654321
FDCAN CCCR  =00000080
FDCAN NBTP  =02090C01
FDCAN PSR   =00000718
FDCAN RCC   =00000100
FDCAN D2CCIP1R=10000000
CM7_MAGIC=C07C07C7 CM7=604000000 CM4_MAGIC=C04C04C4 CM4=466971
FDCAN RESULT=FDC00001
FDCAN ENDN  =87654321
FDCAN CCCR  =00000080
FDCAN NBTP  =02090C01
FDCAN PSR   =00000718
FDCAN RCC   =00000100
FDCAN D2CCIP1R=10000000
CM7_MAGIC=C07C07C7 CM7=605000000 CM4_MAGIC=C04C04C4 CM4=467744
FDCAN RESULT=FDC00001
FDCAN ENDN  =87654321
FDCAN CCCR  =00000080
FDCAN NBTP  =02090C01
FDCAN PSR   =00000718
FDCAN RCC   =00000100
FDCAN D2CCIP1R=10000000
CM7_MAGIC=C07C07C7 CM7=606000000 CM4_MAGIC=C04C04C4 CM4=468517
FDCAN RESULT=FDC00001
FDCAN ENDN  =87654321
FDCAN CCCR  =00000080
FDCAN NBTP  =02090C01
FDCAN PSR   =00000718
FDCAN RCC   =00000100
FDCAN D2CCIP1R=10000000
CM7_MAGIC=C07C07C7 CM7=607000000 CM4_MAGIC=C04C04C4 CM4=469290
FDCAN RESULT=FDC00001
FDCAN ENDN  =87654321
FDCAN CCCR  =00000080
FDCAN NBTP  =02090C01
FDCAN PSR   =00000718
FDCAN RCC   =00000100
FDCAN D2CCIP1R=10000000
CM7_MAGIC=C07C07C7 CM7=608000000 CM4_MAGIC=C04C04C4 CM4=470063
FDCAN RESULT=FDC00001
FDCAN ENDN  =87654321
FDCAN CCCR  =00000080
FDCAN NBTP  =02090C01
FDCAN PSR   =00000718
FDCAN RCC   =00000100
FDCAN D2CCIP1R=10000000
CM7_MAGIC=C07C07C7 CM7=609000000 CM4_MAGIC=C04C04C4 CM4=470836
FDCAN RESULT=FDC00001
FDCAN ENDN  =87654321
FDCAN CCCR  =00000080
FDCAN NBTP  =02090C01
FDCAN PSR   =00000718
FDCAN RCC   =00000100
FDCAN D2CCIP1R=10000000
CM7_MAGIC=C07C07C7 CM7=610000000 CM4_MAGIC=C04C04C4 CM4=471609
FDCAN RESULT=FDC00001
FDCAN ENDN  =87654321
FDCAN CCCR  =00000080
FDCAN NBTP  =02090C01
FDCAN PSR   =00000718
FDCAN RCC   =00000100
FDCAN D2CCIP1R=10000000
CM7_MAGIC=C07C07C7 CM7=611000000 CM4_MAGIC=C04C04C4 CM4=472382
FDCAN RESULT=FDC00001
FDCAN ENDN  =87654321
FDCAN CCCR  =00000080
FDCAN NBTP  =02090C01
FDCAN PSR   =00000718
FDCAN RCC   =00000100
FDCAN D2CCIP1R=10000000
CM7_MAGIC=C07C07C7 CM7=612000000 CM4_MAGIC=C04C04C4 CM4=473155
FDCAN RESULT=FDC00001
FDCAN ENDN  =87654321
FDCAN CCCR  =00000080
FDCAN NBTP  =02090C01
FDCAN PSR   =00000718
FDCAN RCC   =00000100
FDCAN D2CCIP1R=10000000
CM7_MAGIC=C07C07C7 CM7=613000000 CM4_MAGIC=C04C04C4 CM4=473928
FDCAN RESULT=FDC00001
FDCAN ENDN  =87654321
FDCAN CCCR  =00000080
FDCAN NBTP  =02090C01
FDCAN PSR   =00000718
FDCAN RCC   =00000100
FDCAN D2CCIP1R=10000000
CM7_MAGIC=C07C07C7 CM7=614000000 CM4_MAGIC=C04C04C4 CM4=474701
FDCAN RESULT=FDC00001
FDCAN ENDN  =87654321
FDCAN CCCR  =00000080
FDCAN NBTP  =02090C01
FDCAN PSR   =00000718
FDCAN RCC   =00000100
FDCAN D2CCIP1R=10000000
CM7_MAGIC=C07C07C7 CM7=615000000 CM4_MAGIC=C04C04C4 CM4=475474
FDCAN RESULT=FDC00001
FDCAN ENDN  =87654321
FDCAN CCCR  =00000080
FDCAN NBTP  =02090C01
FDCAN PSR   =00000718
FDCAN RCC   =00000100
FDCAN D2CCIP1R=10000000
CM7_MAGIC=C07C07C7 CM7=616000000 CM4_MAGIC=C04C04C4 CM4=476247
FDCAN RESULT=FDC00001
FDCAN ENDN  =87654321
FDCAN CCCR  =00000080
FDCAN NBTP  =02090C01
FDCAN PSR   =00000718
FDCAN RCC   =00000100
FDCAN D2CCIP1R=10000000
CM7_MAGIC=C07C07C7 CM7=617000000 CM4_MAGIC=C04C04C4 CM4=477020
FDCAN RESULT=FDC00001
FDCAN ENDN  =87654321
FDCAN CCCR  =00000080
FDCAN NBTP  =02090C01
FDCAN PSR   =00000718
FDCAN RCC   =00000100
FDCAN D2CCIP1R=10000000
CM7_MAGIC=C07C07C7 CM7=618000000 CM4_MAGIC=C04C04C4 CM4=477793
FDCAN RESULT=FDC00001
FDCAN ENDN  =87654321
FDCAN CCCR  =00000080
FDCAN NBTP  =02090C01
FDCAN PSR   =00000718
FDCAN RCC   =00000100
FDCAN D2CCIP1R=10000000
CM7_MAGIC=C07C07C7 CM7=619000000 CM4_MAGIC=C04C04C4 CM4=478566
FDCAN RESULT=FDC00001
FDCAN ENDN  =87654321
FDCAN CCCR  =00000080
FDCAN NBTP  =02090C01
FDCAN PSR   =00000718
FDCAN RCC   =00000100
FDCAN D2CCIP1R=10000000
CM7_MAGIC=C07C07C7 CM7=620000000 CM4_MAGIC=C04C04C4 CM4=479339
FDCAN RESULT=FDC00001
FDCAN ENDN  =87654321
FDCAN CCCR  =00000080
FDCAN NBTP  =02090C01
FDCAN PSR   =00000718
FDCAN RCC   =00000100
FDCAN D2CCIP1R=10000000
CM7_MAGIC=C07C07C7 CM7=621000000 CM4_MAGIC=C04C04C4 CM4=480112
FDCAN RESULT=FDC00001
FDCAN ENDN  =87654321
FDCAN CCCR  =00000080
FDCAN NBTP  =02090C01
FDCAN PSR   =00000718
FDCAN RCC   =00000100
FDCAN D2CCIP1R=10000000
CM7_MAGIC=C07C07C7 CM7=622000000 CM4_MAGIC=C04C04C4 CM4=480885
FDCAN RESULT=FDC00001
FDCAN ENDN  =87654321
FDCAN CCCR  =00000080
FDCAN NBTP  =02090C01
FDCAN PSR   =00000718
FDCAN RCC   =00000100
FDCAN D2CCIP1R=10000000
CM7_MAGIC=C07C07C7 CM7=623000000 CM4_MAGIC=C04C04C4 CM4=481658
FDCAN RESULT=FDC00001
FDCAN ENDN  =87654321
FDCAN CCCR  =00000080
FDCAN NBTP  =02090C01
FDCAN PSR   =00000718
FDCAN RCC   =00000100
FDCAN D2CCIP1R=10000000
CM7_MAGIC=C07C07C7 CM7=624000000 CM4_MAGIC=C04C04C4 CM4=482431
FDCAN RESULT=FDC00001
FDCAN ENDN  =87654321
FDCAN CCCR  =00000080
FDCAN NBTP  =02090C01
FDCAN PSR   =00000718
FDCAN RCC   =00000100
FDCAN D2CCIP1R=10000000
CM7_MAGIC=C07C07C7 CM7=625000000 CM4_MAGIC=C04C04C4 CM4=483204
FDCAN RESULT=FDC00001
FDCAN ENDN  =87654321
FDCAN CCCR  =00000080
FDCAN NBTP  =02090C01
FDCAN PSR   =00000718
FDCAN RCC   =00000100
FDCAN D2CCIP1R=10000000
CM7_MAGIC=C07C07C7 CM7=626000000 CM4_MAGIC=C04C04C4 CM4=483978
FDCAN RESULT=FDC00001
FDCAN ENDN  =87654321
FDCAN CCCR  =00000080
FDCAN NBTP  =02090C01
FDCAN PSR   =00000718
FDCAN RCC   =00000100
FDCAN D2CCIP1R=10000000
CM7_MAGIC=C07C07C7 CM7=627000000 CM4_MAGIC=C04C04C4 CM4=484751
FDCAN RESULT=FDC00001
FDCAN ENDN  =87654321
FDCAN CCCR  =00000080
FDCAN NBTP  =02090C01
FDCAN PSR   =00000718
FDCAN RCC   =00000100
FDCAN D2CCIP1R=10000000
CM7_MAGIC=C07C07C7 CM7=628000000 CM4_MAGIC=C04C04C4 CM4=485524
FDCAN RESULT=FDC00001
FDCAN ENDN  =87654321
FDCAN CCCR  =00000080
FDCAN NBTP  =02090C01
FDCAN PSR   =00000718
FDCAN RCC   =00000100
FDCAN D2CCIP1R=10000000
CM7_MAGIC=C07C07C7 CM7=629000000 CM4_MAGIC=C04C04C4 CM4=486297
FDCAN RESULT=FDC00001
FDCAN ENDN  =87654321
FDCAN CCCR  =00000080
FDCAN NBTP  =02090C01
FDCAN PSR   =00000718
FDCAN RCC   =00000100
FDCAN D2CCIP1R=10000000
CM7_MAGIC=C07C07C7 CM7=630000000 CM4_MAGIC=C04C04C4 CM4=487070
FDCAN RESULT=FDC00001
FDCAN ENDN  =87654321
FDCAN CCCR  =00000080
FDCAN NBTP  =02090C01
FDCAN PSR   =00000718
FDCAN RCC   =00000100
FDCAN D2CCIP1R=10000000
CM7_MAGIC=C07C07C7 CM7=631000000 CM4_MAGIC=C04C04C4 CM4=487843
FDCAN RESULT=FDC00001
FDCAN ENDN  =87654321
FDCAN CCCR  =00000080
FDCAN NBTP  =02090C01
FDCAN PSR   =00000718
FDCAN RCC   =00000100
FDCAN D2CCIP1R=10000000
CM7_MAGIC=C07C07C7 CM7=632000000 CM4_MAGIC=C04C04C4 CM4=488616
FDCAN RESULT=FDC00001
FDCAN ENDN  =87654321
FDCAN CCCR  =00000080
FDCAN NBTP  =02090C01
FDCAN PSR   =00000718
FDCAN RCC   =00000100
FDCAN D2CCIP1R=10000000
CM7_MAGIC=C07C07C7 CM7=633000000 CM4_MAGIC=C04C04C4 CM4=489389
FDCAN RESULT=FDC00001
FDCAN ENDN  =87654321
FDCAN CCCR  =00000080
FDCAN NBTP  =02090C01
FDCAN PSR   =00000718
FDCAN RCC   =00000100
FDCAN D2CCIP1R=10000000
CM7_MAGIC=C07C07C7 CM7=634000000 CM4_MAGIC=C04C04C4 CM4=490162
FDCAN RESULT=FDC00001
FDCAN ENDN  =87654321
FDCAN CCCR  =00000080
FDCAN NBTP  =02090C01
FDCAN PSR   =00000718
FDCAN RCC   =00000100
FDCAN D2CCIP1R=10000000
CM7_MAGIC=C07C07C7 CM7=635000000 CM4_MAGIC=C04C04C4 CM4=490935
FDCAN RESULT=FDC00001
FDCAN ENDN  =87654321
FDCAN CCCR  =00000080
FDCAN NBTP  =02090C01
FDCAN PSR   =00000718
FDCAN RCC   =00000100
FDCAN D2CCIP1R=10000000
CM7_MAGIC=C07C07C7 CM7=636000000 CM4_MAGIC=C04C04C4 CM4=491708
FDCAN RESULT=FDC00001
FDCAN ENDN  =87654321
FDCAN CCCR  =00000080
FDCAN NBTP  =02090C01
FDCAN PSR   =00000718
FDCAN RCC   =00000100
FDCAN D2CCIP1R=10000000
CM7_MAGIC=C07C07C7 CM7=637000000 CM4_MAGIC=C04C04C4 CM4=492481
FDCAN RESULT=FDC00001
FDCAN ENDN  =87654321
FDCAN CCCR  =00000080
FDCAN NBTP  =02090C01
FDCAN PSR   =00000718
FDCAN RCC   =00000100
FDCAN D2CCIP1R=10000000
CM7_MAGIC=C07C07C7 CM7=638000000 CM4_MAGIC=C04C04C4 CM4=493254
FDCAN RESULT=FDC00001
FDCAN ENDN  =87654321
FDCAN CCCR  =00000080
FDCAN NBTP  =02090C01
FDCAN PSR   =00000718
FDCAN RCC   =00000100
FDCAN D2CCIP1R=10000000
CM7_MAGIC=C07C07C7 CM7=639000000 CM4_MAGIC=C04C04C4 CM4=494027
FDCAN RESULT=FDC00001
FDCAN ENDN  =87654321
FDCAN CCCR  =00000080
FDCAN NBTP  =02090C01
FDCAN PSR   =00000718
FDCAN RCC   =00000100
FDCAN D2CCIP1R=10000000
CM7_MAGIC=C07C07C7 CM7=640000000 CM4_MAGIC=C04C04C4 CM4=494800
FDCAN RESULT=FDC00001
FDCAN ENDN  =87654321
FDCAN CCCR  =00000080
FDCAN NBTP  =02090C01
FDCAN PSR   =00000718
FDCAN RCC   =00000100
FDCAN D2CCIP1R=10000000
CM7_MAGIC=C07C07C7 CM7=641000000 CM4_MAGIC=C04C04C4 CM4=495573
FDCAN RESULT=FDC00001
FDCAN ENDN  =87654321
FDCAN CCCR  =00000080
FDCAN NBTP  =02090C01
FDCAN PSR   =00000718
FDCAN RCC   =00000100
FDCAN D2CCIP1R=10000000
CM7_MAGIC=C07C07C7 CM7=642000000 CM4_MAGIC=C04C04C4 CM4=496346
FDCAN RESULT=FDC00001
FDCAN ENDN  =87654321
FDCAN CCCR  =00000080
FDCAN NBTP  =02090C01
FDCAN PSR   =00000718
FDCAN RCC   =00000100
FDCAN D2CCIP1R=10000000
CM7_MAGIC=C07C07C7 CM7=643000000 CM4_MAGIC=C04C04C4 CM4=497119
FDCAN RESULT=FDC00001
FDCAN ENDN  =87654321
FDCAN CCCR  =00000080
FDCAN NBTP  =02090C01
FDCAN PSR   =00000718
FDCAN RCC   =00000100
FDCAN D2CCIP1R=10000000
CM7_MAGIC=C07C07C7 CM7=644000000 CM4_MAGIC=C04C04C4 CM4=497892
FDCAN RESULT=FDC00001
FDCAN ENDN  =87654321
FDCAN CCCR  =00000080
FDCAN NBTP  =02090C01
FDCAN PSR   =00000718
FDCAN RCC   =00000100
FDCAN D2CCIP1R=10000000
CM7_MAGIC=C07C07C7 CM7=645000000 CM4_MAGIC=C04C04C4 CM4=498665
FDCAN RESULT=FDC00001
FDCAN ENDN  =87654321
FDCAN CCCR  =00000080
FDCAN NBTP  =02090C01
FDCAN PSR   =00000718
FDCAN RCC   =00000100
FDCAN D2CCIP1R=10000000
CM7_MAGIC=C07C07C7 CM7=646000000 CM4_MAGIC=C04C04C4 CM4=499438
FDCAN RESULT=FDC00001
FDCAN ENDN  =87654321
FDCAN CCCR  =00000080
FDCAN NBTP  =02090C01
FDCAN PSR   =00000718
FDCAN RCC   =00000100
FDCAN D2CCIP1R=10000000
CM7_MAGIC=C07C07C7 CM7=647000000 CM4_MAGIC=C04C04C4 CM4=500211
FDCAN RESULT=FDC00001
FDCAN ENDN  =87654321
FDCAN CCCR  =00000080
FDCAN NBTP  =02090C01
FDCAN PSR   =00000718
FDCAN RCC   =00000100
FDCAN D2CCIP1R=10000000
CM7_MAGIC=C07C07C7 CM7=648000000 CM4_MAGIC=C04C04C4 CM4=500984
FDCAN RESULT=FDC00001
FDCAN ENDN  =87654321
FDCAN CCCR  =00000080
FDCAN NBTP  =02090C01
FDCAN PSR   =00000718
FDCAN RCC   =00000100
FDCAN D2CCIP1R=10000000
CM7_MAGIC=C07C07C7 CM7=649000000 CM4_MAGIC=C04C04C4 CM4=501757
FDCAN RESULT=FDC00001
FDCAN ENDN  =87654321
FDCAN CCCR  =00000080
FDCAN NBTP  =02090C01
FDCAN PSR   =00000718
FDCAN RCC   =00000100
FDCAN D2CCIP1R=10000000
CM7_MAGIC=C07C07C7 CM7=650000000 CM4_MAGIC=C04C04C4 CM4=502530
FDCAN RESULT=FDC00001
FDCAN ENDN  =87654321
FDCAN CCCR  =00000080
FDCAN NBTP  =02090C01
FDCAN PSR   =00000718
FDCAN RCC   =00000100
FDCAN D2CCIP1R=10000000
CM7_MAGIC=C07C07C7 CM7=651000000 CM4_MAGIC=C04C04C4 CM4=503303
FDCAN RESULT=FDC00001
FDCAN ENDN  =87654321
FDCAN CCCR  =00000080
FDCAN NBTP  =02090C01
FDCAN PSR   =00000718
FDCAN RCC   =00000100
FDCAN D2CCIP1R=10000000
CM7_MAGIC=C07C07C7 CM7=652000000 CM4_MAGIC=C04C04C4 CM4=504076
FDCAN RESULT=FDC00001
FDCAN ENDN  =87654321
FDCAN CCCR  =00000080
FDCAN NBTP  =02090C01
FDCAN PSR   =00000718
FDCAN RCC   =00000100
FDCAN D2CCIP1R=10000000
CM7_MAGIC=C07C07C7 CM7=653000000 CM4_MAGIC=C04C04C4 CM4=504849
FDCAN RESULT=FDC00001
FDCAN ENDN  =87654321
FDCAN CCCR  =00000080
FDCAN NBTP  =02090C01
FDCAN PSR   =00000718
FDCAN RCC   =00000100
FDCAN D2CCIP1R=10000000
CM7_MAGIC=C07C07C7 CM7=654000000 CM4_MAGIC=C04C04C4 CM4=505622
FDCAN RESULT=FDC00001
FDCAN ENDN  =87654321
FDCAN CCCR  =00000080
FDCAN NBTP  =02090C01
FDCAN PSR   =00000718
FDCAN RCC   =00000100
FDCAN D2CCIP1R=10000000
CM7_MAGIC=C07C07C7 CM7=655000000 CM4_MAGIC=C04C04C4 CM4=506396
FDCAN RESULT=FDC00001
FDCAN ENDN  =87654321
FDCAN CCCR  =00000080
FDCAN NBTP  =02090C01
FDCAN PSR   =00000718
FDCAN RCC   =00000100
FDCAN D2CCIP1R=10000000
CM7_MAGIC=C07C07C7 CM7=656000000 CM4_MAGIC=C04C04C4 CM4=507169
FDCAN RESULT=FDC00001
FDCAN ENDN  =87654321
FDCAN CCCR  =00000080
FDCAN NBTP  =02090C01
FDCAN PSR   =00000718
FDCAN RCC   =00000100
FDCAN D2CCIP1R=10000000
CM7_MAGIC=C07C07C7 CM7=657000000 CM4_MAGIC=C04C04C4 CM4=507942
FDCAN RESULT=FDC00001
FDCAN ENDN  =87654321
FDCAN CCCR  =00000080
FDCAN NBTP  =02090C01
FDCAN PSR   =00000718
FDCAN RCC   =00000100
FDCAN D2CCIP1R=10000000
CM7_MAGIC=C07C07C7 CM7=658000000 CM4_MAGIC=C04C04C4 CM4=508715
FDCAN RESULT=FDC00001
FDCAN ENDN  =87654321
FDCAN CCCR  =00000080
FDCAN NBTP  =02090C01
FDCAN PSR   =00000718
FDCAN RCC   =00000100
FDCAN D2CCIP1R=10000000
CM7_MAGIC=C07C07C7 CM7=659000000 CM4_MAGIC=C04C04C4 CM4=509488
FDCAN RESULT=FDC00001
FDCAN ENDN  =87654321
FDCAN CCCR  =00000080
FDCAN NBTP  =02090C01
FDCAN PSR   =00000718
FDCAN RCC   =00000100
FDCAN D2CCIP1R=10000000
CM7_MAGIC=C07C07C7 CM7=660000000 CM4_MAGIC=C04C04C4 CM4=510261
FDCAN RESULT=FDC00001
FDCAN ENDN  =87654321
FDCAN CCCR  =00000080
FDCAN NBTP  =02090C01
FDCAN PSR   =00000718
FDCAN RCC   =00000100
FDCAN D2CCIP1R=10000000
CM7_MAGIC=C07C07C7 CM7=661000000 CM4_MAGIC=C04C04C4 CM4=511034
FDCAN RESULT=FDC00001
FDCAN ENDN  =87654321
FDCAN CCCR  =00000080
FDCAN NBTP  =02090C01
FDCAN PSR   =00000718
FDCAN RCC   =00000100
FDCAN D2CCIP1R=10000000
CM7_MAGIC=C07C07C7 CM7=662000000 CM4_MAGIC=C04C04C4 CM4=511807
FDCAN RESULT=FDC00001
FDCAN ENDN  =87654321
FDCAN CCCR  =00000080
FDCAN NBTP  =02090C01
FDCAN PSR   =00000718
FDCAN RCC   =00000100
FDCAN D2CCIP1R=10000000
CM7_MAGIC=C07C07C7 CM7=663000000 CM4_MAGIC=C04C04C4 CM4=512580
FDCAN RESULT=FDC00001
FDCAN ENDN  =87654321
FDCAN CCCR  =00000080
FDCAN NBTP  =02090C01
FDCAN PSR   =00000718
FDCAN RCC   =00000100
FDCAN D2CCIP1R=10000000
CM7_MAGIC=C07C07C7 CM7=664000000 CM4_MAGIC=C04C04C4 CM4=513353
FDCAN RESULT=FDC00001
FDCAN ENDN  =87654321
FDCAN CCCR  =00000080
FDCAN NBTP  =02090C01
FDCAN PSR   =00000718
FDCAN RCC   =00000100
FDCAN D2CCIP1R=10000000
CM7_MAGIC=C07C07C7 CM7=665000000 CM4_MAGIC=C04C04C4 CM4=514126
FDCAN RESULT=FDC00001
FDCAN ENDN  =87654321
FDCAN CCCR  =00000080
FDCAN NBTP  =02090C01
FDCAN PSR   =00000718
FDCAN RCC   =00000100
FDCAN D2CCIP1R=10000000
CM7_MAGIC=C07C07C7 CM7=666000000 CM4_MAGIC=C04C04C4 CM4=514899
FDCAN RESULT=FDC00001
FDCAN ENDN  =87654321
FDCAN CCCR  =00000080
FDCAN NBTP  =02090C01
FDCAN PSR   =00000718
FDCAN RCC   =00000100
FDCAN D2CCIP1R=10000000
CM7_MAGIC=C07C07C7 CM7=667000000 CM4_MAGIC=C04C04C4 CM4=515672
FDCAN RESULT=FDC00001
FDCAN ENDN  =87654321
FDCAN CCCR  =00000080
FDCAN NBTP  =02090C01
FDCAN PSR   =00000718
FDCAN RCC   =00000100
FDCAN D2CCIP1R=10000000
CM7_MAGIC=C07C07C7 CM7=668000000 CM4_MAGIC=C04C04C4 CM4=516445
FDCAN RESULT=FDC00001
FDCAN ENDN  =87654321
FDCAN CCCR  =00000080
FDCAN NBTP  =02090C01
FDCAN PSR   =00000718
FDCAN RCC   =00000100
FDCAN D2CCIP1R=10000000
CM7_MAGIC=C07C07C7 CM7=669000000 CM4_MAGIC=C04C04C4 CM4=517218
FDCAN RESULT=FDC00001
FDCAN ENDN  =87654321
FDCAN CCCR  =00000080
FDCAN NBTP  =02090C01
FDCAN PSR   =00000718
FDCAN RCC   =00000100
FDCAN D2CCIP1R=10000000
CM7_MAGIC=C07C07C7 CM7=670000000 CM4_MAGIC=C04C04C4 CM4=517991
FDCAN RESULT=FDC00001
FDCAN ENDN  =87654321
FDCAN CCCR  =00000080
FDCAN NBTP  =02090C01
FDCAN PSR   =00000718
FDCAN RCC   =00000100
FDCAN D2CCIP1R=10000000
CM7_MAGIC=C07C07C7 CM7=671000000 CM4_MAGIC=C04C04C4 CM4=518764
FDCAN RESULT=FDC00001
FDCAN ENDN  =87654321
FDCAN CCCR  =00000080
FDCAN NBTP  =02090C01
FDCAN PSR   =00000718
FDCAN RCC   =00000100
FDCAN D2CCIP1R=10000000
CM7_MAGIC=C07C07C7 CM7=672000000 CM4_MAGIC=C04C04C4 CM4=519537
FDCAN RESULT=FDC00001
FDCAN ENDN  =87654321
FDCAN CCCR  =00000080
FDCAN NBTP  =02090C01
FDCAN PSR   =00000718
FDCAN RCC   =00000100
FDCAN D2CCIP1R=10000000
CM7_MAGIC=C07C07C7 CM7=673000000 CM4_MAGIC=C04C04C4 CM4=520310
FDCAN RESULT=FDC00001
FDCAN ENDN  =87654321
FDCAN CCCR  =00000080
FDCAN NBTP  =02090C01
FDCAN PSR   =00000718
FDCAN RCC   =00000100
FDCAN D2CCIP1R=10000000
CM7_MAGIC=C07C07C7 CM7=674000000 CM4_MAGIC=C04C04C4 CM4=521083
FDCAN RESULT=FDC00001
FDCAN ENDN  =87654321
FDCAN CCCR  =00000080
FDCAN NBTP  =02090C01
FDCAN PSR   =00000718
FDCAN RCC   =00000100
FDCAN D2CCIP1R=10000000
CM7_MAGIC=C07C07C7 CM7=675000000 CM4_MAGIC=C04C04C4 CM4=521856
FDCAN RESULT=FDC00001
FDCAN ENDN  =87654321
FDCAN CCCR  =00000080
FDCAN NBTP  =02090C01
FDCAN PSR   =00000718
FDCAN RCC   =00000100
FDCAN D2CCIP1R=10000000
CM7_MAGIC=C07C07C7 CM7=676000000 CM4_MAGIC=C04C04C4 CM4=522629
FDCAN RESULT=FDC00001
FDCAN ENDN  =87654321
FDCAN CCCR  =00000080
FDCAN NBTP  =02090C01
FDCAN PSR   =00000718
FDCAN RCC   =00000100
FDCAN D2CCIP1R=10000000
CM7_MAGIC=C07C07C7 CM7=677000000 CM4_MAGIC=C04C04C4 CM4=523402
FDCAN RESULT=FDC00001
FDCAN ENDN  =87654321
FDCAN CCCR  =00000080
FDCAN NBTP  =02090C01
FDCAN PSR   =00000718
FDCAN RCC   =00000100
FDCAN D2CCIP1R=10000000
CM7_MAGIC=C07C07C7 CM7=678000000 CM4_MAGIC=C04C04C4 CM4=524175
FDCAN RESULT=FDC00001
FDCAN ENDN  =87654321
FDCAN CCCR  =00000080
FDCAN NBTP  =02090C01
FDCAN PSR   =00000718
FDCAN RCC   =00000100
FDCAN D2CCIP1R=10000000
CM7_MAGIC=C07C07C7 CM7=679000000 CM4_MAGIC=C04C04C4 CM4=524948
FDCAN RESULT=FDC00001
FDCAN ENDN  =87654321
FDCAN CCCR  =00000080
FDCAN NBTP  =02090C01
FDCAN PSR   =00000718
FDCAN RCC   =00000100
FDCAN D2CCIP1R=10000000
CM7_MAGIC=C07C07C7 CM7=680000000 CM4_MAGIC=C04C04C4 CM4=525721
FDCAN RESULT=FDC00001
FDCAN ENDN  =87654321
FDCAN CCCR  =00000080
FDCAN NBTP  =02090C01
FDCAN PSR   =00000718
FDCAN RCC   =00000100
FDCAN D2CCIP1R=10000000
CM7_MAGIC=C07C07C7 CM7=681000000 CM4_MAGIC=C04C04C4 CM4=526494
FDCAN RESULT=FDC00001
FDCAN ENDN  =87654321
FDCAN CCCR  =00000080
FDCAN NBTP  =02090C01
FDCAN PSR   =00000718
FDCAN RCC   =00000100
FDCAN D2CCIP1R=10000000
CM7_MAGIC=C07C07C7 CM7=682000000 CM4_MAGIC=C04C04C4 CM4=527267
FDCAN RESULT=FDC00001
FDCAN ENDN  =87654321
FDCAN CCCR  =00000080
FDCAN NBTP  =02090C01
FDCAN PSR   =00000718
FDCAN RCC   =00000100
FDCAN D2CCIP1R=10000000
CM7_MAGIC=C07C07C7 CM7=683000000 CM4_MAGIC=C04C04C4 CM4=528040
FDCAN RESULT=FDC00001
FDCAN ENDN  =87654321
FDCAN CCCR  =00000080
FDCAN NBTP  =02090C01
FDCAN PSR   =00000718
FDCAN RCC   =00000100
FDCAN D2CCIP1R=10000000
CM7_MAGIC=C07C07C7 CM7=684000000 CM4_MAGIC=C04C04C4 CM4=528813
FDCAN RESULT=FDC00001
FDCAN ENDN  =87654321
FDCAN CCCR  =00000080
FDCAN NBTP  =02090C01
FDCAN PSR   =00000718
FDCAN RCC   =00000100
FDCAN D2CCIP1R=10000000
CM7_MAGIC=C07C07C7 CM7=685000000 CM4_MAGIC=C04C04C4 CM4=529586
FDCAN RESULT=FDC00001
FDCAN ENDN  =87654321
FDCAN CCCR  =00000080
FDCAN NBTP  =02090C01
FDCAN PSR   =00000718
FDCAN RCC   =00000100
FDCAN D2CCIP1R=10000000
CM7_MAGIC=C07C07C7 CM7=686000000 CM4_MAGIC=C04C04C4 CM4=530359
FDCAN RESULT=FDC00001
FDCAN ENDN  =87654321
FDCAN CCCR  =00000080
FDCAN NBTP  =02090C01
FDCAN PSR   =00000718
FDCAN RCC   =00000100
FDCAN D2CCIP1R=10000000
CM7_MAGIC=C07C07C7 CM7=687000000 CM4_MAGIC=C04C04C4 CM4=531132
FDCAN RESULT=FDC00001
FDCAN ENDN  =87654321
FDCAN CCCR  =00000080
FDCAN NBTP  =02090C01
FDCAN PSR   =00000718
FDCAN RCC   =00000100
FDCAN D2CCIP1R=10000000
CM7_MAGIC=C07C07C7 CM7=688000000 CM4_MAGIC=C04C04C4 CM4=531905
FDCAN RESULT=FDC00001
FDCAN ENDN  =87654321
FDCAN CCCR  =00000080
FDCAN NBTP  =02090C01
FDCAN PSR   =00000718
FDCAN RCC   =00000100
FDCAN D2CCIP1R=10000000
CM7_MAGIC=C07C07C7 CM7=689000000 CM4_MAGIC=C04C04C4 CM4=532679
FDCAN RESULT=FDC00001
FDCAN ENDN  =87654321
FDCAN CCCR  =00000080
FDCAN NBTP  =02090C01
FDCAN PSR   =00000718
FDCAN RCC   =00000100
FDCAN D2CCIP1R=10000000
CM7_MAGIC=C07C07C7 CM7=690000000 CM4_MAGIC=C04C04C4 CM4=533452
FDCAN RESULT=FDC00001
FDCAN ENDN  =87654321
FDCAN CCCR  =00000080
FDCAN NBTP  =02090C01
FDCAN PSR   =00000718
FDCAN RCC   =00000100
FDCAN D2CCIP1R=10000000
CM7_MAGIC=C07C07C7 CM7=691000000 CM4_MAGIC=C04C04C4 CM4=534225
FDCAN RESULT=FDC00001
FDCAN ENDN  =87654321
FDCAN CCCR  =00000080
FDCAN NBTP  =02090C01
FDCAN PSR   =00000718
FDCAN RCC   =00000100
FDCAN D2CCIP1R=10000000
CM7_MAGIC=C07C07C7 CM7=692000000 CM4_MAGIC=C04C04C4 CM4=534998
FDCAN RESULT=FDC00001
FDCAN ENDN  =87654321
FDCAN CCCR  =00000080
FDCAN NBTP  =02090C01
FDCAN PSR   =00000718
FDCAN RCC   =00000100
FDCAN D2CCIP1R=10000000
CM7_MAGIC=C07C07C7 CM7=693000000 CM4_MAGIC=C04C04C4 CM4=535771
FDCAN RESULT=FDC00001
FDCAN ENDN  =87654321
FDCAN CCCR  =00000080
FDCAN NBTP  =02090C01
FDCAN PSR   =00000718
FDCAN RCC   =00000100
FDCAN D2CCIP1R=10000000
CM7_MAGIC=C07C07C7 CM7=694000000 CM4_MAGIC=C04C04C4 CM4=536544
FDCAN RESULT=FDC00001
FDCAN ENDN  =87654321
FDCAN CCCR  =00000080
FDCAN NBTP  =02090C01
FDCAN PSR   =00000718
FDCAN RCC   =00000100
FDCAN D2CCIP1R=10000000
CM7_MAGIC=C07C07C7 CM7=695000000 CM4_MAGIC=C04C04C4 CM4=537317
FDCAN RESULT=FDC00001
FDCAN ENDN  =87654321
FDCAN CCCR  =00000080
FDCAN NBTP  =02090C01
FDCAN PSR   =00000718
FDCAN RCC   =00000100
FDCAN D2CCIP1R=10000000
CM7_MAGIC=C07C07C7 CM7=696000000 CM4_MAGIC=C04C04C4 CM4=538090
FDCAN RESULT=FDC00001
FDCAN ENDN  =87654321
FDCAN CCCR  =00000080
FDCAN NBTP  =02090C01
FDCAN PSR   =00000718
FDCAN RCC   =00000100
FDCAN D2CCIP1R=10000000
CM7_MAGIC=C07C07C7 CM7=697000000 CM4_MAGIC=C04C04C4 CM4=538863
FDCAN RESULT=FDC00001
FDCAN ENDN  =87654321
FDCAN CCCR  =00000080
FDCAN NBTP  =02090C01
FDCAN PSR   =00000718
FDCAN RCC   =00000100
FDCAN D2CCIP1R=10000000
CM7_MAGIC=C07C07C7 CM7=698000000 CM4_MAGIC=C04C04C4 CM4=539636
FDCAN RESULT=FDC00001
FDCAN ENDN  =87654321
FDCAN CCCR  =00000080
FDCAN NBTP  =02090C01
FDCAN PSR   =00000718
FDCAN RCC   =00000100
FDCAN D2CCIP1R=10000000
CM7_MAGIC=C07C07C7 CM7=699000000 CM4_MAGIC=C04C04C4 CM4=540409
FDCAN RESULT=FDC00001
FDCAN ENDN  =87654321
FDCAN CCCR  =00000080
FDCAN NBTP  =02090C01
FDCAN PSR   =00000718
FDCAN RCC   =00000100
FDCAN D2CCIP1R=10000000
CM7_MAGIC=C07C07C7 CM7=700000000 CM4_MAGIC=C04C04C4 CM4=541182
FDCAN RESULT=FDC00001
FDCAN ENDN  =87654321
FDCAN CCCR  =00000080
FDCAN NBTP  =02090C01
FDCAN PSR   =00000718
FDCAN RCC   =00000100
FDCAN D2CCIP1R=10000000
CM7_MAGIC=C07C07C7 CM7=701000000 CM4_MAGIC=C04C04C4 CM4=541955
FDCAN RESULT=FDC00001
FDCAN ENDN  =87654321
FDCAN CCCR  =00000080
FDCAN NBTP  =02090C01
FDCAN PSR   =00000718
FDCAN RCC   =00000100
FDCAN D2CCIP1R=10000000
CM7_MAGIC=C07C07C7 CM7=702000000 CM4_MAGIC=C04C04C4 CM4=542728
FDCAN RESULT=FDC00001
FDCAN ENDN  =87654321
FDCAN CCCR  =00000080
FDCAN NBTP  =02090C01
FDCAN PSR   =00000718
FDCAN RCC   =00000100
FDCAN D2CCIP1R=10000000
CM7_MAGIC=C07C07C7 CM7=703000000 CM4_MAGIC=C04C04C4 CM4=543501
FDCAN RESULT=FDC00001
FDCAN ENDN  =87654321
FDCAN CCCR  =00000080
FDCAN NBTP  =02090C01
FDCAN PSR   =00000718
FDCAN RCC   =00000100
FDCAN D2CCIP1R=10000000
CM7_MAGIC=C07C07C7 CM7=704000000 CM4_MAGIC=C04C04C4 CM4=544274
FDCAN RESULT=FDC00001
FDCAN ENDN  =87654321
FDCAN CCCR  =00000080
FDCAN NBTP  =02090C01
FDCAN PSR   =00000718
FDCAN RCC   =00000100
FDCAN D2CCIP1R=10000000
CM7_MAGIC=C07C07C7 CM7=705000000 CM4_MAGIC=C04C04C4 CM4=545047
FDCAN RESULT=FDC00001
FDCAN ENDN  =87654321
FDCAN CCCR  =00000080
FDCAN NBTP  =02090C01
FDCAN PSR   =00000718
FDCAN RCC   =00000100
FDCAN D2CCIP1R=10000000
CM7_MAGIC=C07C07C7 CM7=706000000 CM4_MAGIC=C04C04C4 CM4=545820
FDCAN RESULT=FDC00001
FDCAN ENDN  =87654321
FDCAN CCCR  =00000080
FDCAN NBTP  =02090C01
FDCAN PSR   =00000718
FDCAN RCC   =00000100
FDCAN D2CCIP1R=10000000
CM7_MAGIC=C07C07C7 CM7=707000000 CM4_MAGIC=C04C04C4 CM4=546593
FDCAN RESULT=FDC00001
FDCAN ENDN  =87654321
FDCAN CCCR  =00000080
FDCAN NBTP  =02090C01
FDCAN PSR   =00000718
FDCAN RCC   =00000100
FDCAN D2CCIP1R=10000000
CM7_MAGIC=C07C07C7 CM7=708000000 CM4_MAGIC=C04C04C4 CM4=547366
FDCAN RESULT=FDC00001
FDCAN ENDN  =87654321
FDCAN CCCR  =00000080
FDCAN NBTP  =02090C01
FDCAN PSR   =00000718
FDCAN RCC   =00000100
FDCAN D2CCIP1R=10000000
CM7_MAGIC=C07C07C7 CM7=709000000 CM4_MAGIC=C04C04C4 CM4=548139
FDCAN RESULT=FDC00001
FDCAN ENDN  =87654321
FDCAN CCCR  =00000080
FDCAN NBTP  =02090C01
FDCAN PSR   =00000718
FDCAN RCC   =00000100
FDCAN D2CCIP1R=10000000
CM7_MAGIC=C07C07C7 CM7=710000000 CM4_MAGIC=C04C04C4 CM4=548912
FDCAN RESULT=FDC00001
FDCAN ENDN  =87654321
FDCAN CCCR  =00000080
FDCAN NBTP  =02090C01
FDCAN PSR   =00000718
FDCAN RCC   =00000100
FDCAN D2CCIP1R=10000000
CM7_MAGIC=C07C07C7 CM7=711000000 CM4_MAGIC=C04C04C4 CM4=549685
FDCAN RESULT=FDC00001
FDCAN ENDN  =87654321
FDCAN CCCR  =00000080
FDCAN NBTP  =02090C01
FDCAN PSR   =00000718
FDCAN RCC   =00000100
FDCAN D2CCIP1R=10000000
CM7_MAGIC=C07C07C7 CM7=712000000 CM4_MAGIC=C04C04C4 CM4=550458
FDCAN RESULT=FDC00001
FDCAN ENDN  =87654321
FDCAN CCCR  =00000080
FDCAN NBTP  =02090C01
FDCAN PSR   =00000718
FDCAN RCC   =00000100
FDCAN D2CCIP1R=10000000
CM7_MAGIC=C07C07C7 CM7=713000000 CM4_MAGIC=C04C04C4 CM4=551231
FDCAN RESULT=FDC00001
FDCAN ENDN  =87654321
FDCAN CCCR  =00000080
FDCAN NBTP  =02090C01
FDCAN PSR   =00000718
FDCAN RCC   =00000100
FDCAN D2CCIP1R=10000000
CM7_MAGIC=C07C07C7 CM7=714000000 CM4_MAGIC=C04C04C4 CM4=552004
FDCAN RESULT=FDC00001
FDCAN ENDN  =87654321
FDCAN CCCR  =00000080
FDCAN NBTP  =02090C01
FDCAN PSR   =00000718
FDCAN RCC   =00000100
FDCAN D2CCIP1R=10000000
CM7_MAGIC=C07C07C7 CM7=715000000 CM4_MAGIC=C04C04C4 CM4=552777
FDCAN RESULT=FDC00001
FDCAN ENDN  =87654321
FDCAN CCCR  =00000080
FDCAN NBTP  =02090C01
FDCAN PSR   =00000718
FDCAN RCC   =00000100
FDCAN D2CCIP1R=10000000
CM7_MAGIC=C07C07C7 CM7=716000000 CM4_MAGIC=C04C04C4 CM4=553550
FDCAN RESULT=FDC00001
FDCAN ENDN  =87654321
FDCAN CCCR  =00000080
FDCAN NBTP  =02090C01
FDCAN PSR   =00000718
FDCAN RCC   =00000100
FDCAN D2CCIP1R=10000000
CM7_MAGIC=C07C07C7 CM7=717000000 CM4_MAGIC=C04C04C4 CM4=554323
FDCAN RESULT=FDC00001
FDCAN ENDN  =87654321
FDCAN CCCR  =00000080
FDCAN NBTP  =02090C01
FDCAN PSR   =00000718
FDCAN RCC   =00000100
FDCAN D2CCIP1R=10000000
CM7_MAGIC=C07C07C7 CM7=718000000 CM4_MAGIC=C04C04C4 CM4=555097
FDCAN RESULT=FDC00001
FDCAN ENDN  =87654321
FDCAN CCCR  =00000080
FDCAN NBTP  =02090C01
FDCAN PSR   =00000718
FDCAN RCC   =00000100
FDCAN D2CCIP1R=10000000
CM7_MAGIC=C07C07C7 CM7=719000000 CM4_MAGIC=C04C04C4 CM4=555870
FDCAN RESULT=FDC00001
FDCAN ENDN  =87654321
FDCAN CCCR  =00000080
FDCAN NBTP  =02090C01
FDCAN PSR   =00000718
FDCAN RCC   =00000100
FDCAN D2CCIP1R=10000000
CM7_MAGIC=C07C07C7 CM7=720000000 CM4_MAGIC=C04C04C4 CM4=556643
FDCAN RESULT=FDC00001
FDCAN ENDN  =87654321
FDCAN CCCR  =00000080
FDCAN NBTP  =02090C01
FDCAN PSR   =00000718
FDCAN RCC   =00000100
FDCAN D2CCIP1R=10000000
CM7_MAGIC=C07C07C7 CM7=721000000 CM4_MAGIC=C04C04C4 CM4=557416
FDCAN RESULT=FDC00001
FDCAN ENDN  =87654321
FDCAN CCCR  =00000080
FDCAN NBTP  =02090C01
FDCAN PSR   =00000718
FDCAN RCC   =00000100
FDCAN D2CCIP1R=10000000
CM7_MAGIC=C07C07C7 CM7=722000000 CM4_MAGIC=C04C04C4 CM4=558189
FDCAN RESULT=FDC00001
FDCAN ENDN  =87654321
FDCAN CCCR  =00000080
FDCAN NBTP  =02090C01
FDCAN PSR   =00000718
FDCAN RCC   =00000100
FDCAN D2CCIP1R=10000000
CM7_MAGIC=C07C07C7 CM7=723000000 CM4_MAGIC=C04C04C4 CM4=558962
FDCAN RESULT=FDC00001
FDCAN ENDN  =87654321
FDCAN CCCR  =00000080
FDCAN NBTP  =02090C01
FDCAN PSR   =00000718
FDCAN RCC   =00000100
FDCAN D2CCIP1R=10000000
CM7_MAGIC=C07C07C7 CM7=724000000 CM4_MAGIC=C04C04C4 CM4=559735
FDCAN RESULT=FDC00001
FDCAN ENDN  =87654321
FDCAN CCCR  =00000080
FDCAN NBTP  =02090C01
FDCAN PSR   =00000718
FDCAN RCC   =00000100
FDCAN D2CCIP1R=10000000
CM7_MAGIC=C07C07C7 CM7=725000000 CM4_MAGIC=C04C04C4 CM4=560508
FDCAN RESULT=FDC00001
FDCAN ENDN  =87654321
FDCAN CCCR  =00000080
FDCAN NBTP  =02090C01
FDCAN PSR   =00000718
FDCAN RCC   =00000100
FDCAN D2CCIP1R=10000000
CM7_MAGIC=C07C07C7 CM7=726000000 CM4_MAGIC=C04C04C4 CM4=561281
FDCAN RESULT=FDC00001
FDCAN ENDN  =87654321
FDCAN CCCR  =00000080
FDCAN NBTP  =02090C01
FDCAN PSR   =00000718
FDCAN RCC   =00000100
FDCAN D2CCIP1R=10000000
CM7_MAGIC=C07C07C7 CM7=727000000 CM4_MAGIC=C04C04C4 CM4=562054
FDCAN RESULT=FDC00001
FDCAN ENDN  =87654321
FDCAN CCCR  =00000080
FDCAN NBTP  =02090C01
FDCAN PSR   =00000718
FDCAN RCC   =00000100
FDCAN D2CCIP1R=10000000
CM7_MAGIC=C07C07C7 CM7=728000000 CM4_MAGIC=C04C04C4 CM4=562827
FDCAN RESULT=FDC00001
FDCAN ENDN  =87654321
FDCAN CCCR  =00000080
FDCAN NBTP  =02090C01
FDCAN PSR   =00000718
FDCAN RCC   =00000100
FDCAN D2CCIP1R=10000000
CM7_MAGIC=C07C07C7 CM7=729000000 CM4_MAGIC=C04C04C4 CM4=563600
FDCAN RESULT=FDC00001
FDCAN ENDN  =87654321
FDCAN CCCR  =00000080
FDCAN NBTP  =02090C01
FDCAN PSR   =00000718
FDCAN RCC   =00000100
FDCAN D2CCIP1R=10000000
CM7_MAGIC=C07C07C7 CM7=730000000 CM4_MAGIC=C04C04C4 CM4=564373
FDCAN RESULT=FDC00001
FDCAN ENDN  =87654321
FDCAN CCCR  =00000080
FDCAN NBTP  =02090C01
FDCAN PSR   =00000718
FDCAN RCC   =00000100
FDCAN D2CCIP1R=10000000
CM7_MAGIC=C07C07C7 CM7=731000000 CM4_MAGIC=C04C04C4 CM4=565146
FDCAN RESULT=FDC00001
FDCAN ENDN  =87654321
FDCAN CCCR  =00000080
FDCAN NBTP  =02090C01
FDCAN PSR   =00000718
FDCAN RCC   =00000100
FDCAN D2CCIP1R=10000000
CM7_MAGIC=C07C07C7 CM7=732000000 CM4_MAGIC=C04C04C4 CM4=565919
FDCAN RESULT=FDC00001
FDCAN ENDN  =87654321
FDCAN CCCR  =00000080
FDCAN NBTP  =02090C01
FDCAN PSR   =00000718
FDCAN RCC   =00000100
FDCAN D2CCIP1R=10000000
CM7_MAGIC=C07C07C7 CM7=733000000 CM4_MAGIC=C04C04C4 CM4=566692
FDCAN RESULT=FDC00001
FDCAN ENDN  =87654321
FDCAN CCCR  =00000080
FDCAN NBTP  =02090C01
FDCAN PSR   =00000718
FDCAN RCC   =00000100
FDCAN D2CCIP1R=10000000
CM7_MAGIC=C07C07C7 CM7=734000000 CM4_MAGIC=C04C04C4 CM4=567465
FDCAN RESULT=FDC00001
FDCAN ENDN  =87654321
FDCAN CCCR  =00000080
FDCAN NBTP  =02090C01
FDCAN PSR   =00000718
FDCAN RCC   =00000100
FDCAN D2CCIP1R=10000000
CM7_MAGIC=C07C07C7 CM7=735000000 CM4_MAGIC=C04C04C4 CM4=568238
FDCAN RESULT=FDC00001
FDCAN ENDN  =87654321
FDCAN CCCR  =00000080
FDCAN NBTP  =02090C01
FDCAN PSR   =00000718
FDCAN RCC   =00000100
FDCAN D2CCIP1R=10000000
CM7_MAGIC=C07C07C7 CM7=736000000 CM4_MAGIC=C04C04C4 CM4=569011
FDCAN RESULT=FDC00001
FDCAN ENDN  =87654321
FDCAN CCCR  =00000080
FDCAN NBTP  =02090C01
FDCAN PSR   =00000718
FDCAN RCC   =00000100
FDCAN D2CCIP1R=10000000
CM7_MAGIC=C07C07C7 CM7=737000000 CM4_MAGIC=C04C04C4 CM4=569784
FDCAN RESULT=FDC00001
FDCAN ENDN  =87654321
FDCAN CCCR  =00000080
FDCAN NBTP  =02090C01
FDCAN PSR   =00000718
FDCAN RCC   =00000100
FDCAN D2CCIP1R=10000000
CM7_MAGIC=C07C07C7 CM7=738000000 CM4_MAGIC=C04C04C4 CM4=570557
FDCAN RESULT=FDC00001
FDCAN ENDN  =87654321
FDCAN CCCR  =00000080
FDCAN NBTP  =02090C01
FDCAN PSR   =00000718
FDCAN RCC   =00000100
FDCAN D2CCIP1R=10000000
CM7_MAGIC=C07C07C7 CM7=739000000 CM4_MAGIC=C04C04C4 CM4=571330
FDCAN RESULT=FDC00001
FDCAN ENDN  =87654321
FDCAN CCCR  =00000080
FDCAN NBTP  =02090C01
FDCAN PSR   =00000718
FDCAN RCC   =00000100
FDCAN D2CCIP1R=10000000
CM7_MAGIC=C07C07C7 CM7=740000000 CM4_MAGIC=C04C04C4 CM4=572103
FDCAN RESULT=FDC00001
FDCAN ENDN  =87654321
FDCAN CCCR  =00000080
FDCAN NBTP  =02090C01
FDCAN PSR   =00000718
FDCAN RCC   =00000100
FDCAN D2CCIP1R=10000000
CM7_MAGIC=C07C07C7 CM7=741000000 CM4_MAGIC=C04C04C4 CM4=572876
FDCAN RESULT=FDC00001
FDCAN ENDN  =87654321
FDCAN CCCR  =00000080
FDCAN NBTP  =02090C01
FDCAN PSR   =00000718
FDCAN RCC   =00000100
FDCAN D2CCIP1R=10000000
CM7_MAGIC=C07C07C7 CM7=742000000 CM4_MAGIC=C04C04C4 CM4=573649
FDCAN RESULT=FDC00001
FDCAN ENDN  =87654321
FDCAN CCCR  =00000080
FDCAN NBTP  =02090C01
FDCAN PSR   =00000718
FDCAN RCC   =00000100
FDCAN D2CCIP1R=10000000
CM7_MAGIC=C07C07C7 CM7=743000000 CM4_MAGIC=C04C04C4 CM4=574422
FDCAN RESULT=FDC00001
FDCAN ENDN  =87654321
FDCAN CCCR  =00000080
FDCAN NBTP  =02090C01
FDCAN PSR   =00000718
FDCAN RCC   =00000100
FDCAN D2CCIP1R=10000000
CM7_MAGIC=C07C07C7 CM7=744000000 CM4_MAGIC=C04C04C4 CM4=575195
FDCAN RESULT=FDC00001
FDCAN ENDN  =87654321
FDCAN CCCR  =00000080
FDCAN NBTP  =02090C01
FDCAN PSR   =00000718
FDCAN RCC   =00000100
FDCAN D2CCIP1R=10000000
CM7_MAGIC=C07C07C7 CM7=745000000 CM4_MAGIC=C04C04C4 CM4=575968
FDCAN RESULT=FDC00001
FDCAN ENDN  =87654321
FDCAN CCCR  =00000080
FDCAN NBTP  =02090C01
FDCAN PSR   =00000718
FDCAN RCC   =00000100
FDCAN D2CCIP1R=10000000
CM7_MAGIC=C07C07C7 CM7=746000000 CM4_MAGIC=C04C04C4 CM4=576741
FDCAN RESULT=FDC00001
FDCAN ENDN  =87654321
FDCAN CCCR  =00000080
FDCAN NBTP  =02090C01
FDCAN PSR   =00000718
FDCAN RCC   =00000100
FDCAN D2CCIP1R=10000000
CM7_MAGIC=C07C07C7 CM7=747000000 CM4_MAGIC=C04C04C4 CM4=577515
FDCAN RESULT=FDC00001
FDCAN ENDN  =87654321
FDCAN CCCR  =00000080
FDCAN NBTP  =02090C01
FDCAN PSR   =00000718
FDCAN RCC   =00000100
FDCAN D2CCIP1R=10000000
CM7_MAGIC=C07C07C7 CM7=748000000 CM4_MAGIC=C04C04C4 CM4=578288
FDCAN RESULT=FDC00001
FDCAN ENDN  =87654321
FDCAN CCCR  =00000080
FDCAN NBTP  =02090C01
FDCAN PSR   =00000718
FDCAN RCC   =00000100
FDCAN D2CCIP1R=10000000
CM7_MAGIC=C07C07C7 CM7=749000000 CM4_MAGIC=C04C04C4 CM4=579061
FDCAN RESULT=FDC00001
FDCAN ENDN  =87654321
FDCAN CCCR  =00000080
FDCAN NBTP  =02090C01
FDCAN PSR   =00000718
FDCAN RCC   =00000100
FDCAN D2CCIP1R=10000000
CM7_MAGIC=C07C07C7 CM7=750000000 CM4_MAGIC=C04C04C4 CM4=579834
FDCAN RESULT=FDC00001
FDCAN ENDN  =87654321
FDCAN CCCR  =00000080
FDCAN NBTP  =02090C01
FDCAN PSR   =00000718
FDCAN RCC   =00000100
FDCAN D2CCIP1R=10000000
CM7_MAGIC=C07C07C7 CM7=751000000 CM4_MAGIC=C04C04C4 CM4=580607
FDCAN RESULT=FDC00001
FDCAN ENDN  =87654321
FDCAN CCCR  =00000080
FDCAN NBTP  =02090C01
FDCAN PSR   =00000718
FDCAN RCC   =00000100
FDCAN D2CCIP1R=10000000
CM7_MAGIC=C07C07C7 CM7=752000000 CM4_MAGIC=C04C04C4 CM4=581380
FDCAN RESULT=FDC00001
FDCAN ENDN  =87654321
FDCAN CCCR  =00000080
FDCAN NBTP  =02090C01
FDCAN PSR   =00000718
FDCAN RCC   =00000100
FDCAN D2CCIP1R=10000000
CM7_MAGIC=C07C07C7 CM7=753000000 CM4_MAGIC=C04C04C4 CM4=582153
FDCAN RESULT=FDC00001
FDCAN ENDN  =87654321
FDCAN CCCR  =00000080
FDCAN NBTP  =02090C01
FDCAN PSR   =00000718
FDCAN RCC   =00000100
FDCAN D2CCIP1R=10000000
CM7_MAGIC=C07C07C7 CM7=754000000 CM4_MAGIC=C04C04C4 CM4=582926
FDCAN RESULT=FDC00001
FDCAN ENDN  =87654321
FDCAN CCCR  =00000080
FDCAN NBTP  =02090C01
FDCAN PSR   =00000718
FDCAN RCC   =00000100
FDCAN D2CCIP1R=10000000
CM7_MAGIC=C07C07C7 CM7=755000000 CM4_MAGIC=C04C04C4 CM4=583699
FDCAN RESULT=FDC00001
FDCAN ENDN  =87654321
FDCAN CCCR  =00000080
FDCAN NBTP  =02090C01
FDCAN PSR   =00000718
FDCAN RCC   =00000100
FDCAN D2CCIP1R=10000000
CM7_MAGIC=C07C07C7 CM7=756000000 CM4_MAGIC=C04C04C4 CM4=584472
FDCAN RESULT=FDC00001
FDCAN ENDN  =87654321
FDCAN CCCR  =00000080
FDCAN NBTP  =02090C01
FDCAN PSR   =00000718
FDCAN RCC   =00000100
FDCAN D2CCIP1R=10000000
CM7_MAGIC=C07C07C7 CM7=757000000 CM4_MAGIC=C04C04C4 CM4=585245
FDCAN RESULT=FDC00001
FDCAN ENDN  =87654321
FDCAN CCCR  =00000080
FDCAN NBTP  =02090C01
FDCAN PSR   =00000718
FDCAN RCC   =00000100
FDCAN D2CCIP1R=10000000
CM7_MAGIC=C07C07C7 CM7=758000000 CM4_MAGIC=C04C04C4 CM4=586018
FDCAN RESULT=FDC00001
FDCAN ENDN  =87654321
FDCAN CCCR  =00000080
FDCAN NBTP  =02090C01
FDCAN PSR   =00000718
FDCAN RCC   =00000100
FDCAN D2CCIP1R=10000000
CM7_MAGIC=C07C07C7 CM7=759000000 CM4_MAGIC=C04C04C4 CM4=586791
FDCAN RESULT=FDC00001
FDCAN ENDN  =87654321
FDCAN CCCR  =00000080
FDCAN NBTP  =02090C01
FDCAN PSR   =00000718
FDCAN RCC   =00000100
FDCAN D2CCIP1R=10000000
CM7_MAGIC=C07C07C7 CM7=760000000 CM4_MAGIC=C04C04C4 CM4=587564
FDCAN RESULT=FDC00001
FDCAN ENDN  =87654321
FDCAN CCCR  =00000080
FDCAN NBTP  =02090C01
FDCAN PSR   =00000718
FDCAN RCC   =00000100
FDCAN D2CCIP1R=10000000
CM7_MAGIC=C07C07C7 CM7=761000000 CM4_MAGIC=C04C04C4 CM4=588337
FDCAN RESULT=FDC00001
FDCAN ENDN  =87654321
FDCAN CCCR  =00000080
FDCAN NBTP  =02090C01
FDCAN PSR   =00000718
FDCAN RCC   =00000100
FDCAN D2CCIP1R=10000000
CM7_MAGIC=C07C07C7 CM7=762000000 CM4_MAGIC=C04C04C4 CM4=589110
FDCAN RESULT=FDC00001
FDCAN ENDN  =87654321
FDCAN CCCR  =00000080
FDCAN NBTP  =02090C01
FDCAN PSR   =00000718
FDCAN RCC   =00000100
FDCAN D2CCIP1R=10000000
CM7_MAGIC=C07C07C7 CM7=763000000 CM4_MAGIC=C04C04C4 CM4=589883
FDCAN RESULT=FDC00001
FDCAN ENDN  =87654321
FDCAN CCCR  =00000080
FDCAN NBTP  =02090C01
FDCAN PSR   =00000718
FDCAN RCC   =00000100
FDCAN D2CCIP1R=10000000
CM7_MAGIC=C07C07C7 CM7=764000000 CM4_MAGIC=C04C04C4 CM4=590656
FDCAN RESULT=FDC00001
FDCAN ENDN  =87654321
FDCAN CCCR  =00000080
FDCAN NBTP  =02090C01
FDCAN PSR   =00000718
FDCAN RCC   =00000100
FDCAN D2CCIP1R=10000000
CM7_MAGIC=C07C07C7 CM7=765000000 CM4_MAGIC=C04C04C4 CM4=591429
FDCAN RESULT=FDC00001
FDCAN ENDN  =87654321
FDCAN CCCR  =00000080
FDCAN NBTP  =02090C01
FDCAN PSR   =00000718
FDCAN RCC   =00000100
FDCAN D2CCIP1R=10000000
CM7_MAGIC=C07C07C7 CM7=766000000 CM4_MAGIC=C04C04C4 CM4=592202
FDCAN RESULT=FDC00001
FDCAN ENDN  =87654321
FDCAN CCCR  =00000080
FDCAN NBTP  =02090C01
FDCAN PSR   =00000718
FDCAN RCC   =00000100
FDCAN D2CCIP1R=10000000
CM7_MAGIC=C07C07C7 CM7=767000000 CM4_MAGIC=C04C04C4 CM4=592975
FDCAN RESULT=FDC00001
FDCAN ENDN  =87654321
FDCAN CCCR  =00000080
FDCAN NBTP  =02090C01
FDCAN PSR   =00000718
FDCAN RCC   =00000100
FDCAN D2CCIP1R=10000000
CM7_MAGIC=C07C07C7 CM7=768000000 CM4_MAGIC=C04C04C4 CM4=593748
FDCAN RESULT=FDC00001
FDCAN ENDN  =87654321
FDCAN CCCR  =00000080
FDCAN NBTP  =02090C01
FDCAN PSR   =00000718
FDCAN RCC   =00000100
FDCAN D2CCIP1R=10000000
CM7_MAGIC=C07C07C7 CM7=769000000 CM4_MAGIC=C04C04C4 CM4=594521
FDCAN RESULT=FDC00001
FDCAN ENDN  =87654321
FDCAN CCCR  =00000080
FDCAN NBTP  =02090C01
FDCAN PSR   =00000718
FDCAN RCC   =00000100
FDCAN D2CCIP1R=10000000
CM7_MAGIC=C07C07C7 CM7=770000000 CM4_MAGIC=C04C04C4 CM4=595294
FDCAN RESULT=FDC00001
FDCAN ENDN  =87654321
FDCAN CCCR  =00000080
FDCAN NBTP  =02090C01
FDCAN PSR   =00000718
FDCAN RCC   =00000100
FDCAN D2CCIP1R=10000000
CM7_MAGIC=C07C07C7 CM7=771000000 CM4_MAGIC=C04C04C4 CM4=596067
FDCAN RESULT=FDC00001
FDCAN ENDN  =87654321
FDCAN CCCR  =00000080
FDCAN NBTP  =02090C01
FDCAN PSR   =00000718
FDCAN RCC   =00000100
FDCAN D2CCIP1R=10000000
CM7_MAGIC=C07C07C7 CM7=772000000 CM4_MAGIC=C04C04C4 CM4=596840
FDCAN RESULT=FDC00001
FDCAN ENDN  =87654321
FDCAN CCCR  =00000080
FDCAN NBTP  =02090C01
FDCAN PSR   =00000718
FDCAN RCC   =00000100
FDCAN D2CCIP1R=10000000
CM7_MAGIC=C07C07C7 CM7=773000000 CM4_MAGIC=C04C04C4 CM4=597613
FDCAN RESULT=FDC00001
FDCAN ENDN  =87654321
FDCAN CCCR  =00000080
FDCAN NBTP  =02090C01
FDCAN PSR   =00000718
FDCAN RCC   =00000100
FDCAN D2CCIP1R=10000000
CM7_MAGIC=C07C07C7 CM7=774000000 CM4_MAGIC=C04C04C4 CM4=598386
FDCAN RESULT=FDC00001
FDCAN ENDN  =87654321
FDCAN CCCR  =00000080
FDCAN NBTP  =02090C01
FDCAN PSR   =00000718
FDCAN RCC   =00000100
FDCAN D2CCIP1R=10000000
CM7_MAGIC=C07C07C7 CM7=775000000 CM4_MAGIC=C04C04C4 CM4=599160
FDCAN RESULT=FDC00001
FDCAN ENDN  =87654321
FDCAN CCCR  =00000080
FDCAN NBTP  =02090C01
FDCAN PSR   =00000718
FDCAN RCC   =00000100
FDCAN D2CCIP1R=10000000
CM7_MAGIC=C07C07C7 CM7=776000000 CM4_MAGIC=C04C04C4 CM4=599933
FDCAN RESULT=FDC00001
FDCAN ENDN  =87654321
FDCAN CCCR  =00000080
FDCAN NBTP  =02090C01
FDCAN PSR   =00000718
FDCAN RCC   =00000100
FDCAN D2CCIP1R=10000000
CM7_MAGIC=C07C07C7 CM7=777000000 CM4_MAGIC=C04C04C4 CM4=600706
FDCAN RESULT=FDC00001
FDCAN ENDN  =87654321
FDCAN CCCR  =00000080
FDCAN NBTP  =02090C01
FDCAN PSR   =00000718
FDCAN RCC   =00000100
FDCAN D2CCIP1R=10000000
CM7_MAGIC=C07C07C7 CM7=778000000 CM4_MAGIC=C04C04C4 CM4=601479
FDCAN RESULT=FDC00001
FDCAN ENDN  =87654321
FDCAN CCCR  =00000080
FDCAN NBTP  =02090C01
FDCAN PSR   =00000718
FDCAN RCC   =00000100
FDCAN D2CCIP1R=10000000
CM7_MAGIC=C07C07C7 CM7=779000000 CM4_MAGIC=C04C04C4 CM4=602252
FDCAN RESULT=FDC00001
FDCAN ENDN  =87654321
FDCAN CCCR  =00000080
FDCAN NBTP  =02090C01
FDCAN PSR   =00000718
FDCAN RCC   =00000100
FDCAN D2CCIP1R=10000000
CM7_MAGIC=C07C07C7 CM7=780000000 CM4_MAGIC=C04C04C4 CM4=603025
FDCAN RESULT=FDC00001
FDCAN ENDN  =87654321
FDCAN CCCR  =00000080
FDCAN NBTP  =02090C01
FDCAN PSR   =00000718
FDCAN RCC   =00000100
FDCAN D2CCIP1R=10000000
CM7_MAGIC=C07C07C7 CM7=781000000 CM4_MAGIC=C04C04C4 CM4=603798
FDCAN RESULT=FDC00001
FDCAN ENDN  =87654321
FDCAN CCCR  =00000080
FDCAN NBTP  =02090C01
FDCAN PSR   =00000718
FDCAN RCC   =00000100
FDCAN D2CCIP1R=10000000
CM7_MAGIC=C07C07C7 CM7=782000000 CM4_MAGIC=C04C04C4 CM4=604571
FDCAN RESULT=FDC00001
FDCAN ENDN  =87654321
FDCAN CCCR  =00000080
FDCAN NBTP  =02090C01
FDCAN PSR   =00000718
FDCAN RCC   =00000100
FDCAN D2CCIP1R=10000000
CM7_MAGIC=C07C07C7 CM7=783000000 CM4_MAGIC=C04C04C4 CM4=605344
FDCAN RESULT=FDC00001
FDCAN ENDN  =87654321
FDCAN CCCR  =00000080
FDCAN NBTP  =02090C01
FDCAN PSR   =00000718
FDCAN RCC   =00000100
FDCAN D2CCIP1R=10000000
CM7_MAGIC=C07C07C7 CM7=784000000 CM4_MAGIC=C04C04C4 CM4=606117
FDCAN RESULT=FDC00001
FDCAN ENDN  =87654321
FDCAN CCCR  =00000080
FDCAN NBTP  =02090C01
FDCAN PSR   =00000718
FDCAN RCC   =00000100
FDCAN D2CCIP1R=10000000
CM7_MAGIC=C07C07C7 CM7=785000000 CM4_MAGIC=C04C04C4 CM4=606890
FDCAN RESULT=FDC00001
FDCAN ENDN  =87654321
FDCAN CCCR  =00000080
FDCAN NBTP  =02090C01
FDCAN PSR   =00000718
FDCAN RCC   =00000100
FDCAN D2CCIP1R=10000000
CM7_MAGIC=C07C07C7 CM7=786000000 CM4_MAGIC=C04C04C4 CM4=607663
FDCAN RESULT=FDC00001
FDCAN ENDN  =87654321
FDCAN CCCR  =00000080
FDCAN NBTP  =02090C01
FDCAN PSR   =00000718
FDCAN RCC   =00000100
FDCAN D2CCIP1R=10000000
CM7_MAGIC=C07C07C7 CM7=787000000 CM4_MAGIC=C04C04C4 CM4=608436
FDCAN RESULT=FDC00001
FDCAN ENDN  =87654321
FDCAN CCCR  =00000080
FDCAN NBTP  =02090C01
FDCAN PSR   =00000718
FDCAN RCC   =00000100
FDCAN D2CCIP1R=10000000
CM7_MAGIC=C07C07C7 CM7=788000000 CM4_MAGIC=C04C04C4 CM4=609209
FDCAN RESULT=FDC00001
FDCAN ENDN  =87654321
FDCAN CCCR  =00000080
FDCAN NBTP  =02090C01
FDCAN PSR   =00000718
FDCAN RCC   =00000100
FDCAN D2CCIP1R=10000000
CM7_MAGIC=C07C07C7 CM7=789000000 CM4_MAGIC=C04C04C4 CM4=609982
FDCAN RESULT=FDC00001
FDCAN ENDN  =87654321
FDCAN CCCR  =00000080
FDCAN NBTP  =02090C01
FDCAN PSR   =00000718
FDCAN RCC   =00000100
FDCAN D2CCIP1R=10000000
CM7_MAGIC=C07C07C7 CM7=790000000 CM4_MAGIC=C04C04C4 CM4=610755
FDCAN RESULT=FDC00001
FDCAN ENDN  =87654321
FDCAN CCCR  =00000080
FDCAN NBTP  =02090C01
FDCAN PSR   =00000718
FDCAN RCC   =00000100
FDCAN D2CCIP1R=10000000
CM7_MAGIC=C07C07C7 CM7=791000000 CM4_MAGIC=C04C04C4 CM4=611528
FDCAN RESULT=FDC00001
FDCAN ENDN  =87654321
FDCAN CCCR  =00000080
FDCAN NBTP  =02090C01
FDCAN PSR   =00000718
FDCAN RCC   =00000100
FDCAN D2CCIP1R=10000000
CM7_MAGIC=C07C07C7 CM7=792000000 CM4_MAGIC=C04C04C4 CM4=612301
FDCAN RESULT=FDC00001
FDCAN ENDN  =87654321
FDCAN CCCR  =00000080
FDCAN NBTP  =02090C01
FDCAN PSR   =00000718
FDCAN RCC   =00000100
FDCAN D2CCIP1R=10000000
CM7_MAGIC=C07C07C7 CM7=793000000 CM4_MAGIC=C04C04C4 CM4=613074
FDCAN RESULT=FDC00001
FDCAN ENDN  =87654321
FDCAN CCCR  =00000080
FDCAN NBTP  =02090C01
FDCAN PSR   =00000718
FDCAN RCC   =00000100
FDCAN D2CCIP1R=10000000
CM7_MAGIC=C07C07C7 CM7=794000000 CM4_MAGIC=C04C04C4 CM4=613847
FDCAN RESULT=FDC00001
FDCAN ENDN  =87654321
FDCAN CCCR  =00000080
FDCAN NBTP  =02090C01
FDCAN PSR   =00000718
FDCAN RCC   =00000100
FDCAN D2CCIP1R=10000000
CM7_MAGIC=C07C07C7 CM7=795000000 CM4_MAGIC=C04C04C4 CM4=614620
FDCAN RESULT=FDC00001
FDCAN ENDN  =87654321
FDCAN CCCR  =00000080
FDCAN NBTP  =02090C01
FDCAN PSR   =00000718
FDCAN RCC   =00000100
FDCAN D2CCIP1R=10000000
CM7_MAGIC=C07C07C7 CM7=796000000 CM4_MAGIC=C04C04C4 CM4=615393
FDCAN RESULT=FDC00001
FDCAN ENDN  =87654321
FDCAN CCCR  =00000080
FDCAN NBTP  =02090C01
FDCAN PSR   =00000718
FDCAN RCC   =00000100
FDCAN D2CCIP1R=10000000
CM7_MAGIC=C07C07C7 CM7=797000000 CM4_MAGIC=C04C04C4 CM4=616166
FDCAN RESULT=FDC00001
FDCAN ENDN  =87654321
FDCAN CCCR  =00000080
FDCAN NBTP  =02090C01
FDCAN PSR   =00000718
FDCAN RCC   =00000100
FDCAN D2CCIP1R=10000000
CM7_MAGIC=C07C07C7 CM7=798000000 CM4_MAGIC=C04C04C4 CM4=616939
FDCAN RESULT=FDC00001
FDCAN ENDN  =87654321
FDCAN CCCR  =00000080
FDCAN NBTP  =02090C01
FDCAN PSR   =00000718
FDCAN RCC   =00000100
FDCAN D2CCIP1R=10000000
CM7_MAGIC=C07C07C7 CM7=799000000 CM4_MAGIC=C04C04C4 CM4=617712
FDCAN RESULT=FDC00001
FDCAN ENDN  =87654321
FDCAN CCCR  =00000080
FDCAN NBTP  =02090C01
FDCAN PSR   =00000718
FDCAN RCC   =00000100
FDCAN D2CCIP1R=10000000
CM7_MAGIC=C07C07C7 CM7=800000000 CM4_MAGIC=C04C04C4 CM4=618485
FDCAN RESULT=FDC00001
FDCAN ENDN  =87654321
FDCAN CCCR  =00000080
FDCAN NBTP  =02090C01
FDCAN PSR   =00000718
FDCAN RCC   =00000100
FDCAN D2CCIP1R=10000000
CM7_MAGIC=C07C07C7 CM7=801000000 CM4_MAGIC=C04C04C4 CM4=619258
FDCAN RESULT=FDC00001
FDCAN ENDN  =87654321
FDCAN CCCR  =00000080
FDCAN NBTP  =02090C01
FDCAN PSR   =00000718
FDCAN RCC   =00000100
FDCAN D2CCIP1R=10000000
CM7_MAGIC=C07C07C7 CM7=802000000 CM4_MAGIC=C04C04C4 CM4=620031
FDCAN RESULT=FDC00001
FDCAN ENDN  =87654321
FDCAN CCCR  =00000080
FDCAN NBTP  =02090C01
FDCAN PSR   =00000718
FDCAN RCC   =00000100
FDCAN D2CCIP1R=10000000
CM7_MAGIC=C07C07C7 CM7=803000000 CM4_MAGIC=C04C04C4 CM4=620804
FDCAN RESULT=FDC00001
FDCAN ENDN  =87654321
FDCAN CCCR  =00000080
FDCAN NBTP  =02090C01
FDCAN PSR   =00000718
FDCAN RCC   =00000100
FDCAN D2CCIP1R=10000000
CM7_MAGIC=C07C07C7 CM7=804000000 CM4_MAGIC=C04C04C4 CM4=621578
FDCAN RESULT=FDC00001
FDCAN ENDN  =87654321
FDCAN CCCR  =00000080
FDCAN NBTP  =02090C01
FDCAN PSR   =00000718
FDCAN RCC   =00000100
FDCAN D2CCIP1R=10000000
CM7_MAGIC=C07C07C7 CM7=805000000 CM4_MAGIC=C04C04C4 CM4=622351
FDCAN RESULT=FDC00001
FDCAN ENDN  =87654321
FDCAN CCCR  =00000080
FDCAN NBTP  =02090C01
FDCAN PSR   =00000718
FDCAN RCC   =00000100
FDCAN D2CCIP1R=10000000
CM7_MAGIC=C07C07C7 CM7=806000000 CM4_MAGIC=C04C04C4 CM4=623124
FDCAN RESULT=FDC00001
FDCAN ENDN  =87654321
FDCAN CCCR  =00000080
FDCAN NBTP  =02090C01
FDCAN PSR   =00000718
FDCAN RCC   =00000100
FDCAN D2CCIP1R=10000000
CM7_MAGIC=C07C07C7 CM7=807000000 CM4_MAGIC=C04C04C4 CM4=623897
FDCAN RESULT=FDC00001
FDCAN ENDN  =87654321
FDCAN CCCR  =00000080
FDCAN NBTP  =02090C01
FDCAN PSR   =00000718
FDCAN RCC   =00000100
FDCAN D2CCIP1R=10000000
CM7_MAGIC=C07C07C7 CM7=808000000 CM4_MAGIC=C04C04C4 CM4=624670
FDCAN RESULT=FDC00001
FDCAN ENDN  =87654321
FDCAN CCCR  =00000080
FDCAN NBTP  =02090C01
FDCAN PSR   =00000718
FDCAN RCC   =00000100
FDCAN D2CCIP1R=10000000
CM7_MAGIC=C07C07C7 CM7=809000000 CM4_MAGIC=C04C04C4 CM4=625443
FDCAN RESULT=FDC00001
FDCAN ENDN  =87654321
FDCAN CCCR  =00000080
FDCAN NBTP  =02090C01
FDCAN PSR   =00000718
FDCAN RCC   =00000100
FDCAN D2CCIP1R=10000000
CM7_MAGIC=C07C07C7 CM7=810000000 CM4_MAGIC=C04C04C4 CM4=626216
FDCAN RESULT=FDC00001
FDCAN ENDN  =87654321
FDCAN CCCR  =00000080
FDCAN NBTP  =02090C01
FDCAN PSR   =00000718
FDCAN RCC   =00000100
FDCAN D2CCIP1R=10000000
CM7_MAGIC=C07C07C7 CM7=811000000 CM4_MAGIC=C04C04C4 CM4=626989
FDCAN RESULT=FDC00001
FDCAN ENDN  =87654321
FDCAN CCCR  =00000080
FDCAN NBTP  =02090C01
FDCAN PSR   =00000718
FDCAN RCC   =00000100
FDCAN D2CCIP1R=10000000
CM7_MAGIC=C07C07C7 CM7=812000000 CM4_MAGIC=C04C04C4 CM4=627762
FDCAN RESULT=FDC00001
FDCAN ENDN  =87654321
FDCAN CCCR  =00000080
FDCAN NBTP  =02090C01
FDCAN PSR   =00000718
FDCAN RCC   =00000100
FDCAN D2CCIP1R=10000000
CM7_MAGIC=C07C07C7 CM7=813000000 CM4_MAGIC=C04C04C4 CM4=628535
FDCAN RESULT=FDC00001
FDCAN ENDN  =87654321
FDCAN CCCR  =00000080
FDCAN NBTP  =02090C01
FDCAN PSR   =00000718
FDCAN RCC   =00000100
FDCAN D2CCIP1R=10000000
CM7_MAGIC=C07C07C7 CM7=814000000 CM4_MAGIC=C04C04C4 CM4=629308
FDCAN RESULT=FDC00001
FDCAN ENDN  =87654321
FDCAN CCCR  =00000080
FDCAN NBTP  =02090C01
FDCAN PSR   =00000718
FDCAN RCC   =00000100
FDCAN D2CCIP1R=10000000
CM7_MAGIC=C07C07C7 CM7=815000000 CM4_MAGIC=C04C04C4 CM4=630081
FDCAN RESULT=FDC00001
FDCAN ENDN  =87654321
FDCAN CCCR  =00000080
FDCAN NBTP  =02090C01
FDCAN PSR   =00000718
FDCAN RCC   =00000100
FDCAN D2CCIP1R=10000000
CM7_MAGIC=C07C07C7 CM7=816000000 CM4_MAGIC=C04C04C4 CM4=630854
FDCAN RESULT=FDC00001
FDCAN ENDN  =87654321
FDCAN CCCR  =00000080
FDCAN NBTP  =02090C01
FDCAN PSR   =00000718
FDCAN RCC   =00000100
FDCAN D2CCIP1R=10000000
CM7_MAGIC=C07C07C7 CM7=817000000 CM4_MAGIC=C04C04C4 CM4=631627
FDCAN RESULT=FDC00001
FDCAN ENDN  =87654321
FDCAN CCCR  =00000080
FDCAN NBTP  =02090C01
FDCAN PSR   =00000718
FDCAN RCC   =00000100
FDCAN D2CCIP1R=10000000
CM7_MAGIC=C07C07C7 CM7=818000000 CM4_MAGIC=C04C04C4 CM4=632400
FDCAN RESULT=FDC00001
FDCAN ENDN  =87654321
FDCAN CCCR  =00000080
FDCAN NBTP  =02090C01
FDCAN PSR   =00000718
FDCAN RCC   =00000100
FDCAN D2CCIP1R=10000000
CM7_MAGIC=C07C07C7 CM7=819000000 CM4_MAGIC=C04C04C4 CM4=633173
FDCAN RESULT=FDC00001
FDCAN ENDN  =87654321
FDCAN CCCR  =00000080
FDCAN NBTP  =02090C01
FDCAN PSR   =00000718
FDCAN RCC   =00000100
FDCAN D2CCIP1R=10000000
CM7_MAGIC=C07C07C7 CM7=820000000 CM4_MAGIC=C04C04C4 CM4=633946
FDCAN RESULT=FDC00001
FDCAN ENDN  =87654321
FDCAN CCCR  =00000080
FDCAN NBTP  =02090C01
FDCAN PSR   =00000718
FDCAN RCC   =00000100
FDCAN D2CCIP1R=10000000
CM7_MAGIC=C07C07C7 CM7=821000000 CM4_MAGIC=C04C04C4 CM4=634719
FDCAN RESULT=FDC00001
FDCAN ENDN  =87654321
FDCAN CCCR  =00000080
FDCAN NBTP  =02090C01
FDCAN PSR   =00000718
FDCAN RCC   =00000100
FDCAN D2CCIP1R=10000000
CM7_MAGIC=C07C07C7 CM7=822000000 CM4_MAGIC=C04C04C4 CM4=635492
FDCAN RESULT=FDC00001
FDCAN ENDN  =87654321
FDCAN CCCR  =00000080
FDCAN NBTP  =02090C01
FDCAN PSR   =00000718
FDCAN RCC   =00000100
FDCAN D2CCIP1R=10000000
CM7_MAGIC=C07C07C7 CM7=823000000 CM4_MAGIC=C04C04C4 CM4=636265
FDCAN RESULT=FDC00001
FDCAN ENDN  =87654321
FDCAN CCCR  =00000080
FDCAN NBTP  =02090C01
FDCAN PSR   =00000718
FDCAN RCC   =00000100
FDCAN D2CCIP1R=10000000
CM7_MAGIC=C07C07C7 CM7=824000000 CM4_MAGIC=C04C04C4 CM4=637038
FDCAN RESULT=FDC00001
FDCAN ENDN  =87654321
FDCAN CCCR  =00000080
FDCAN NBTP  =02090C01
FDCAN PSR   =00000718
FDCAN RCC   =00000100
FDCAN D2CCIP1R=10000000
CM7_MAGIC=C07C07C7 CM7=825000000 CM4_MAGIC=C04C04C4 CM4=637811
FDCAN RESULT=FDC00001
FDCAN ENDN  =87654321
FDCAN CCCR  =00000080
FDCAN NBTP  =02090C01
FDCAN PSR   =00000718
FDCAN RCC   =00000100
FDCAN D2CCIP1R=10000000
CM7_MAGIC=C07C07C7 CM7=826000000 CM4_MAGIC=C04C04C4 CM4=638584
FDCAN RESULT=FDC00001
FDCAN ENDN  =87654321
FDCAN CCCR  =00000080
FDCAN NBTP  =02090C01
FDCAN PSR   =00000718
FDCAN RCC   =00000100
FDCAN D2CCIP1R=10000000
CM7_MAGIC=C07C07C7 CM7=827000000 CM4_MAGIC=C04C04C4 CM4=639357
FDCAN RESULT=FDC00001
FDCAN ENDN  =87654321
FDCAN CCCR  =00000080
FDCAN NBTP  =02090C01
FDCAN PSR   =00000718
FDCAN RCC   =00000100
FDCAN D2CCIP1R=10000000
CM7_MAGIC=C07C07C7 CM7=828000000 CM4_MAGIC=C04C04C4 CM4=640130
FDCAN RESULT=FDC00001
FDCAN ENDN  =87654321
FDCAN CCCR  =00000080
FDCAN NBTP  =02090C01
FDCAN PSR   =00000718
FDCAN RCC   =00000100
FDCAN D2CCIP1R=10000000
CM7_MAGIC=C07C07C7 CM7=829000000 CM4_MAGIC=C04C04C4 CM4=640903
FDCAN RESULT=FDC00001
FDCAN ENDN  =87654321
FDCAN CCCR  =00000080
FDCAN NBTP  =02090C01
FDCAN PSR   =00000718
FDCAN RCC   =00000100
FDCAN D2CCIP1R=10000000
CM7_MAGIC=C07C07C7 CM7=830000000 CM4_MAGIC=C04C04C4 CM4=641676
FDCAN RESULT=FDC00001
FDCAN ENDN  =87654321
FDCAN CCCR  =00000080
FDCAN NBTP  =02090C01
FDCAN PSR   =00000718
FDCAN RCC   =00000100
FDCAN D2CCIP1R=10000000
CM7_MAGIC=C07C07C7 CM7=831000000 CM4_MAGIC=C04C04C4 CM4=642449
FDCAN RESULT=FDC00001
FDCAN ENDN  =87654321
FDCAN CCCR  =00000080
FDCAN NBTP  =02090C01
FDCAN PSR   =00000718
FDCAN RCC   =00000100
FDCAN D2CCIP1R=10000000
CM7_MAGIC=C07C07C7 CM7=832000000 CM4_MAGIC=C04C04C4 CM4=643222
FDCAN RESULT=FDC00001
FDCAN ENDN  =87654321
FDCAN CCCR  =00000080
FDCAN NBTP  =02090C01
FDCAN PSR   =00000718
FDCAN RCC   =00000100
FDCAN D2CCIP1R=10000000
CM7_MAGIC=C07C07C7 CM7=833000000 CM4_MAGIC=C04C04C4 CM4=643996
FDCAN RESULT=FDC00001
FDCAN ENDN  =87654321
FDCAN CCCR  =00000080
FDCAN NBTP  =02090C01
FDCAN PSR   =00000718
FDCAN RCC   =00000100
FDCAN D2CCIP1R=10000000
CM7_MAGIC=C07C07C7 CM7=834000000 CM4_MAGIC=C04C04C4 CM4=644769
FDCAN RESULT=FDC00001
FDCAN ENDN  =87654321
FDCAN CCCR  =00000080
FDCAN NBTP  =02090C01
FDCAN PSR   =00000718
FDCAN RCC   =00000100
FDCAN D2CCIP1R=10000000
CM7_MAGIC=C07C07C7 CM7=835000000 CM4_MAGIC=C04C04C4 CM4=645542
FDCAN RESULT=FDC00001
FDCAN ENDN  =87654321
FDCAN CCCR  =00000080
FDCAN NBTP  =02090C01
FDCAN PSR   =00000718
FDCAN RCC   =00000100
FDCAN D2CCIP1R=10000000
CM7_MAGIC=C07C07C7 CM7=836000000 CM4_MAGIC=C04C04C4 CM4=646315
FDCAN RESULT=FDC00001
FDCAN ENDN  =87654321
FDCAN CCCR  =00000080
FDCAN NBTP  =02090C01
FDCAN PSR   =00000718
FDCAN RCC   =00000100
FDCAN D2CCIP1R=10000000
CM7_MAGIC=C07C07C7 CM7=837000000 CM4_MAGIC=C04C04C4 CM4=647088
FDCAN RESULT=FDC00001
FDCAN ENDN  =87654321
FDCAN CCCR  =00000080
FDCAN NBTP  =02090C01
FDCAN PSR   =00000718
FDCAN RCC   =00000100
FDCAN D2CCIP1R=10000000
CM7_MAGIC=C07C07C7 CM7=838000000 CM4_MAGIC=C04C04C4 CM4=647861
FDCAN RESULT=FDC00001
FDCAN ENDN  =87654321
FDCAN CCCR  =00000080
FDCAN NBTP  =02090C01
FDCAN PSR   =00000718
FDCAN RCC   =00000100
FDCAN D2CCIP1R=10000000
CM7_MAGIC=C07C07C7 CM7=839000000 CM4_MAGIC=C04C04C4 CM4=648634
FDCAN RESULT=FDC00001
FDCAN ENDN  =87654321
FDCAN CCCR  =00000080
FDCAN NBTP  =02090C01
FDCAN PSR   =00000718
FDCAN RCC   =00000100
FDCAN D2CCIP1R=10000000
CM7_MAGIC=C07C07C7 CM7=840000000 CM4_MAGIC=C04C04C4 CM4=649407
FDCAN RESULT=FDC00001
FDCAN ENDN  =87654321
FDCAN CCCR  =00000080
FDCAN NBTP  =02090C01
FDCAN PSR   =00000718
FDCAN RCC   =00000100
FDCAN D2CCIP1R=10000000
CM7_MAGIC=C07C07C7 CM7=841000000 CM4_MAGIC=C04C04C4 CM4=650180
FDCAN RESULT=FDC00001
FDCAN ENDN  =87654321
FDCAN CCCR  =00000080
FDCAN NBTP  =02090C01
FDCAN PSR   =00000718
FDCAN RCC   =00000100
FDCAN D2CCIP1R=10000000
CM7_MAGIC=C07C07C7 CM7=842000000 CM4_MAGIC=C04C04C4 CM4=650953
FDCAN RESULT=FDC00001
FDCAN ENDN  =87654321
FDCAN CCCR  =00000080
FDCAN NBTP  =02090C01
FDCAN PSR   =00000718
FDCAN RCC   =00000100
FDCAN D2CCIP1R=10000000
CM7_MAGIC=C07C07C7 CM7=843000000 CM4_MAGIC=C04C04C4 CM4=651726
FDCAN RESULT=FDC00001
FDCAN ENDN  =87654321
FDCAN CCCR  =00000080
FDCAN NBTP  =02090C01
FDCAN PSR   =00000718
FDCAN RCC   =00000100
FDCAN D2CCIP1R=10000000
CM7_MAGIC=C07C07C7 CM7=844000000 CM4_MAGIC=C04C04C4 CM4=652499
FDCAN RESULT=FDC00001
FDCAN ENDN  =87654321
FDCAN CCCR  =00000080
FDCAN NBTP  =02090C01
FDCAN PSR   =00000718
FDCAN RCC   =00000100
FDCAN D2CCIP1R=10000000
CM7_MAGIC=C07C07C7 CM7=845000000 CM4_MAGIC=C04C04C4 CM4=653272
FDCAN RESULT=FDC00001
FDCAN ENDN  =87654321
FDCAN CCCR  =00000080
FDCAN NBTP  =02090C01
FDCAN PSR   =00000718
FDCAN RCC   =00000100
FDCAN D2CCIP1R=10000000
CM7_MAGIC=C07C07C7 CM7=846000000 CM4_MAGIC=C04C04C4 CM4=654045
FDCAN RESULT=FDC00001
FDCAN ENDN  =87654321
FDCAN CCCR  =00000080
FDCAN NBTP  =02090C01
FDCAN PSR   =00000718
FDCAN RCC   =00000100
FDCAN D2CCIP1R=10000000
CM7_MAGIC=C07C07C7 CM7=847000000 CM4_MAGIC=C04C04C4 CM4=654818
FDCAN RESULT=FDC00001
FDCAN ENDN  =87654321
FDCAN CCCR  =00000080
FDCAN NBTP  =02090C01
FDCAN PSR   =00000718
FDCAN RCC   =00000100
FDCAN D2CCIP1R=10000000
CM7_MAGIC=C07C07C7 CM7=848000000 CM4_MAGIC=C04C04C4 CM4=655591
FDCAN RESULT=FDC00001
FDCAN ENDN  =87654321
FDCAN CCCR  =00000080
FDCAN NBTP  =02090C01
FDCAN PSR   =00000718
FDCAN RCC   =00000100
FDCAN D2CCIP1R=10000000
CM7_MAGIC=C07C07C7 CM7=849000000 CM4_MAGIC=C04C04C4 CM4=656364
FDCAN RESULT=FDC00001
FDCAN ENDN  =87654321
FDCAN CCCR  =00000080
FDCAN NBTP  =02090C01
FDCAN PSR   =00000718
FDCAN RCC   =00000100
FDCAN D2CCIP1R=10000000
CM7_MAGIC=C07C07C7 CM7=850000000 CM4_MAGIC=C04C04C4 CM4=657137
FDCAN RESULT=FDC00001
FDCAN ENDN  =87654321
FDCAN CCCR  =00000080
FDCAN NBTP  =02090C01
FDCAN PSR   =00000718
FDCAN RCC   =00000100
FDCAN D2CCIP1R=10000000
CM7_MAGIC=C07C07C7 CM7=851000000 CM4_MAGIC=C04C04C4 CM4=657910
FDCAN RESULT=FDC00001
FDCAN ENDN  =87654321
FDCAN CCCR  =00000080
FDCAN NBTP  =02090C01
FDCAN PSR   =00000718
FDCAN RCC   =00000100
FDCAN D2CCIP1R=10000000
CM7_MAGIC=C07C07C7 CM7=852000000 CM4_MAGIC=C04C04C4 CM4=658683
FDCAN RESULT=FDC00001
FDCAN ENDN  =87654321
FDCAN CCCR  =00000080
FDCAN NBTP  =02090C01
FDCAN PSR   =00000718
FDCAN RCC   =00000100
FDCAN D2CCIP1R=10000000
CM7_MAGIC=C07C07C7 CM7=853000000 CM4_MAGIC=C04C04C4 CM4=659456
FDCAN RESULT=FDC00001
FDCAN ENDN  =87654321
FDCAN CCCR  =00000080
FDCAN NBTP  =02090C01
FDCAN PSR   =00000718
FDCAN RCC   =00000100
FDCAN D2CCIP1R=10000000
CM7_MAGIC=C07C07C7 CM7=854000000 CM4_MAGIC=C04C04C4 CM4=660229
FDCAN RESULT=FDC00001
FDCAN ENDN  =87654321
FDCAN CCCR  =00000080
FDCAN NBTP  =02090C01
FDCAN PSR   =00000718
FDCAN RCC   =00000100
FDCAN D2CCIP1R=10000000
CM7_MAGIC=C07C07C7 CM7=855000000 CM4_MAGIC=C04C04C4 CM4=661002
FDCAN RESULT=FDC00001
FDCAN ENDN  =87654321
FDCAN CCCR  =00000080
FDCAN NBTP  =02090C01
FDCAN PSR   =00000718
FDCAN RCC   =00000100
FDCAN D2CCIP1R=10000000
CM7_MAGIC=C07C07C7 CM7=856000000 CM4_MAGIC=C04C04C4 CM4=661775
FDCAN RESULT=FDC00001
FDCAN ENDN  =87654321
FDCAN CCCR  =00000080
FDCAN NBTP  =02090C01
FDCAN PSR   =00000718
FDCAN RCC   =00000100
FDCAN D2CCIP1R=10000000
CM7_MAGIC=C07C07C7 CM7=857000000 CM4_MAGIC=C04C04C4 CM4=662548
FDCAN RESULT=FDC00001
FDCAN ENDN  =87654321
FDCAN CCCR  =00000080
FDCAN NBTP  =02090C01
FDCAN PSR   =00000718
FDCAN RCC   =00000100
FDCAN D2CCIP1R=10000000
CM7_MAGIC=C07C07C7 CM7=858000000 CM4_MAGIC=C04C04C4 CM4=663321
FDCAN RESULT=FDC00001
FDCAN ENDN  =87654321
FDCAN CCCR  =00000080
FDCAN NBTP  =02090C01
FDCAN PSR   =00000718
FDCAN RCC   =00000100
FDCAN D2CCIP1R=10000000
CM7_MAGIC=C07C07C7 CM7=859000000 CM4_MAGIC=C04C04C4 CM4=664094
FDCAN RESULT=FDC00001
FDCAN ENDN  =87654321
FDCAN CCCR  =00000080
FDCAN NBTP  =02090C01
FDCAN PSR   =00000718
FDCAN RCC   =00000100
FDCAN D2CCIP1R=10000000
CM7_MAGIC=C07C07C7 CM7=860000000 CM4_MAGIC=C04C04C4 CM4=664867
FDCAN RESULT=FDC00001
FDCAN ENDN  =87654321
FDCAN CCCR  =00000080
FDCAN NBTP  =02090C01
FDCAN PSR   =00000718
FDCAN RCC   =00000100
FDCAN D2CCIP1R=10000000
CM7_MAGIC=C07C07C7 CM7=861000000 CM4_MAGIC=C04C04C4 CM4=665640
FDCAN RESULT=FDC00001
FDCAN ENDN  =87654321
FDCAN CCCR  =00000080
FDCAN NBTP  =02090C01
FDCAN PSR   =00000718
FDCAN RCC   =00000100
FDCAN D2CCIP1R=10000000
CM7_MAGIC=C07C07C7 CM7=862000000 CM4_MAGIC=C04C04C4 CM4=666413
FDCAN RESULT=FDC00001
FDCAN ENDN  =87654321
FDCAN CCCR  =00000080
FDCAN NBTP  =02090C01
FDCAN PSR   =00000718
FDCAN RCC   =00000100
FDCAN D2CCIP1R=10000000
CM7_MAGIC=C07C07C7 CM7=863000000 CM4_MAGIC=C04C04C4 CM4=667186
FDCAN RESULT=FDC00001
FDCAN ENDN  =87654321
FDCAN CCCR  =00000080
FDCAN NBTP  =02090C01
FDCAN PSR   =00000718
FDCAN RCC   =00000100
FDCAN D2CCIP1R=10000000
